cancer_type,drug_type,phase,enrollment_size,trial_duration_months,sponsor_type,outcome
pancreatic,chemotherapy,II,1515.0,66.0,industry,0
prostate,combination,II,214.0,101.0,industry,1
ovarian,hormone_therapy,III,1713.0,17.0,industry,1
leukemia,radiation,I,1031.0,118.0,industry,0
pancreatic,combination,III,672.0,18.0,academic,1
renal,targeted_therapy,I,1318.0,24.0,government,0
colorectal,immunotherapy,I,26.0,49.0,industry,0
pancreatic,hormone_therapy,III,924.0,117.0,industry,0
ovarian,targeted_therapy,III,998.0,94.0,academic,1
leukemia,radiation,III,585.0,100.0,government,1
prostate,chemotherapy,III,635.0,64.0,academic,1
ovarian,radiation,IV,1897.0,42.0,government,0
ovarian,combination,I,1893.0,30.0,industry,1
colorectal,immunotherapy,I,592.0,21.0,academic,0
melanoma,combination,I,618.0,43.0,industry,0
leukemia,hormone_therapy,II,789.0,48.0,industry,1
breast,hormone_therapy,III,1221.0,118.0,industry,1
ovarian,immunotherapy,III,261.0,92.0,industry,1
melanoma,targeted_therapy,I,1246.0,19.0,government,0
breast,targeted_therapy,IV,1586.0,11.0,government,1
leukemia,hormone_therapy,III,1844.0,94.0,industry,0
lung,hormone_therapy,II,1505.0,28.0,industry,0
renal,chemotherapy,I,1123.0,65.0,industry,0
melanoma,targeted_therapy,II,1566.0,112.0,industry,1
bladder,immunotherapy,I,1460.0,17.0,academic,0
lung,targeted_therapy,I,785.0,18.0,government,0
renal,chemotherapy,III,403.0,105.0,government,1
colorectal,combination,II,410.0,108.0,academic,0
pancreatic,hormone_therapy,II,915.0,103.0,academic,0
prostate,hormone_therapy,IV,1842.0,11.0,industry,1
bladder,chemotherapy,III,707.0,68.0,industry,1
colorectal,immunotherapy,IV,1169.0,43.0,industry,1
leukemia,hormone_therapy,I,1537.0,55.0,academic,1
colorectal,radiation,II,66.0,57.0,academic,0
pancreatic,hormone_therapy,III,1761.0,45.0,industry,0
leukemia,radiation,I,1519.0,13.0,industry,1
bladder,chemotherapy,I,1992.0,66.0,industry,0
pancreatic,chemotherapy,III,638.0,13.0,government,1
breast,hormone_therapy,III,483.0,109.0,industry,1
prostate,targeted_therapy,II,1830.0,102.0,academic,1
bladder,radiation,II,1892.0,39.0,academic,1
breast,immunotherapy,II,142.0,113.0,industry,1
renal,hormone_therapy,I,1517.0,84.0,academic,1
bladder,immunotherapy,II,153.0,105.0,government,0
renal,hormone_therapy,II,1662.0,65.0,industry,0
leukemia,targeted_therapy,I,1860.0,62.0,government,0
breast,targeted_therapy,IV,860.0,104.0,industry,1
prostate,targeted_therapy,III,1605.0,51.0,industry,1
pancreatic,combination,III,868.0,27.0,government,0
ovarian,targeted_therapy,II,626.0,92.0,academic,0
colorectal,chemotherapy,II,1823.0,45.0,government,0
lung,chemotherapy,II,42.0,50.0,academic,0
prostate,combination,I,585.0,60.0,government,1
breast,radiation,II,1929.0,56.0,academic,1
ovarian,immunotherapy,III,785.0,91.0,academic,1
prostate,hormone_therapy,III,984.0,10.0,academic,1
breast,hormone_therapy,III,254.0,100.0,industry,1
melanoma,combination,II,1015.0,18.0,government,0
melanoma,chemotherapy,IV,1102.0,33.0,industry,1
renal,hormone_therapy,I,1207.0,89.0,industry,0
prostate,chemotherapy,II,1814.0,102.0,industry,1
melanoma,radiation,II,845.0,85.0,academic,0
breast,immunotherapy,III,235.0,67.0,industry,1
renal,radiation,IV,1226.0,98.0,industry,1
breast,combination,II,1612.0,92.0,government,0
renal,targeted_therapy,III,676.0,29.0,industry,1
prostate,targeted_therapy,III,954.0,103.0,academic,1
ovarian,targeted_therapy,II,1133.0,12.0,industry,1
pancreatic,radiation,II,330.0,43.0,industry,0
bladder,hormone_therapy,II,576.0,42.0,industry,1
ovarian,immunotherapy,IV,991.0,73.0,academic,1
leukemia,targeted_therapy,II,276.0,103.0,industry,1
breast,combination,III,552.0,47.0,government,1
leukemia,combination,II,1576.0,91.0,industry,1
ovarian,targeted_therapy,III,71.0,10.0,industry,1
renal,targeted_therapy,II,1381.0,69.0,industry,1
bladder,immunotherapy,III,1214.0,55.0,industry,1
bladder,targeted_therapy,III,1991.0,111.0,academic,1
lung,immunotherapy,III,1110.0,92.0,government,1
bladder,combination,III,1668.0,20.0,academic,1
pancreatic,targeted_therapy,I,319.0,100.0,industry,0
bladder,radiation,III,691.0,78.0,industry,1
ovarian,radiation,I,797.0,112.0,industry,0
lung,combination,II,851.0,58.0,government,0
ovarian,immunotherapy,III,251.0,30.0,industry,1
ovarian,radiation,II,994.0,94.0,academic,0
colorectal,immunotherapy,III,1880.0,118.0,industry,1
lung,radiation,IV,1111.0,90.0,industry,1
ovarian,radiation,I,1549.0,14.0,industry,0
colorectal,immunotherapy,III,47.0,117.0,industry,1
colorectal,hormone_therapy,II,1992.0,43.0,academic,0
lung,radiation,I,1671.0,27.0,industry,0
leukemia,targeted_therapy,II,1094.0,112.0,academic,1
renal,combination,IV,1736.0,92.0,industry,1
pancreatic,hormone_therapy,III,1303.0,54.0,government,0
renal,immunotherapy,IV,610.0,73.0,industry,1
bladder,hormone_therapy,IV,804.0,98.0,government,0
pancreatic,chemotherapy,II,639.0,20.0,academic,0
bladder,chemotherapy,II,605.0,70.0,government,1
ovarian,radiation,III,1730.0,59.0,industry,1
breast,radiation,II,1021.0,35.0,academic,0
lung,targeted_therapy,II,203.0,98.0,industry,1
pancreatic,combination,II,1066.0,25.0,industry,1
pancreatic,hormone_therapy,III,1829.0,38.0,industry,1
ovarian,chemotherapy,III,148.0,110.0,industry,0
leukemia,radiation,II,310.0,113.0,government,0
colorectal,combination,II,1875.0,105.0,industry,1
ovarian,hormone_therapy,III,520.0,91.0,academic,1
melanoma,radiation,III,205.0,82.0,academic,0
colorectal,radiation,II,498.0,12.0,industry,0
lung,chemotherapy,III,1614.0,13.0,academic,0
colorectal,chemotherapy,I,511.0,33.0,industry,0
leukemia,radiation,II,532.0,50.0,academic,0
colorectal,immunotherapy,III,1686.0,112.0,industry,1
lung,radiation,III,1110.0,78.0,government,1
leukemia,combination,II,1848.0,94.0,academic,1
renal,radiation,III,486.0,85.0,government,0
pancreatic,targeted_therapy,III,304.0,79.0,industry,1
pancreatic,targeted_therapy,III,620.0,16.0,industry,0
bladder,targeted_therapy,III,1460.0,36.0,industry,1
renal,immunotherapy,III,1143.0,17.0,industry,1
renal,immunotherapy,II,208.0,100.0,industry,1
colorectal,radiation,I,1008.0,83.0,academic,0
pancreatic,targeted_therapy,II,909.0,56.0,industry,0
lung,immunotherapy,II,1901.0,49.0,industry,1
prostate,chemotherapy,III,407.0,101.0,government,0
prostate,radiation,III,260.0,55.0,academic,1
leukemia,combination,II,1825.0,22.0,industry,1
pancreatic,hormone_therapy,I,1774.0,40.0,industry,0
pancreatic,radiation,II,436.0,6.0,industry,0
prostate,hormone_therapy,II,1961.0,34.0,industry,1
pancreatic,targeted_therapy,III,195.0,56.0,academic,0
colorectal,hormone_therapy,I,406.0,69.0,industry,0
melanoma,targeted_therapy,III,1514.0,9.0,government,1
breast,chemotherapy,IV,872.0,92.0,academic,1
renal,hormone_therapy,II,1276.0,33.0,academic,0
bladder,radiation,II,682.0,21.0,industry,0
leukemia,targeted_therapy,I,471.0,68.0,industry,1
melanoma,radiation,III,296.0,81.0,academic,1
prostate,immunotherapy,III,1272.0,58.0,industry,1
renal,targeted_therapy,II,1214.0,90.0,industry,1
pancreatic,hormone_therapy,III,1778.0,114.0,industry,1
bladder,targeted_therapy,III,232.0,22.0,industry,1
pancreatic,radiation,II,1325.0,45.0,academic,0
lung,chemotherapy,I,60.0,18.0,industry,0
lung,targeted_therapy,III,1165.0,57.0,industry,1
bladder,hormone_therapy,III,1270.0,63.0,industry,1
bladder,immunotherapy,III,313.0,101.0,academic,1
prostate,combination,III,619.0,42.0,government,1
bladder,chemotherapy,III,1310.0,119.0,government,0
colorectal,immunotherapy,II,560.0,84.0,industry,1
pancreatic,targeted_therapy,III,1802.0,81.0,industry,1
melanoma,radiation,IV,1871.0,66.0,industry,1
ovarian,radiation,III,470.0,118.0,academic,1
bladder,hormone_therapy,II,1492.0,84.0,academic,0
leukemia,radiation,II,1799.0,39.0,academic,0
lung,chemotherapy,II,1104.0,75.0,industry,1
colorectal,radiation,II,1545.0,22.0,academic,0
renal,hormone_therapy,II,1190.0,117.0,industry,1
ovarian,combination,III,1729.0,118.0,academic,1
melanoma,targeted_therapy,III,1988.0,25.0,industry,1
ovarian,targeted_therapy,II,809.0,78.0,academic,1
bladder,radiation,III,353.0,64.0,industry,1
prostate,immunotherapy,I,1924.0,74.0,industry,1
lung,targeted_therapy,I,1996.0,92.0,academic,0
lung,combination,II,910.0,38.0,industry,0
renal,radiation,III,1185.0,107.0,academic,0
prostate,hormone_therapy,II,63.0,83.0,academic,0
pancreatic,combination,II,163.0,22.0,academic,0
breast,radiation,II,1908.0,62.0,industry,1
colorectal,combination,III,352.0,88.0,industry,1
lung,targeted_therapy,I,1017.0,102.0,academic,1
leukemia,hormone_therapy,III,1540.0,6.0,industry,1
lung,radiation,III,1439.0,18.0,academic,0
ovarian,chemotherapy,III,74.0,115.0,industry,0
lung,hormone_therapy,IV,1350.0,32.0,industry,1
lung,chemotherapy,I,889.0,75.0,industry,0
breast,combination,II,1466.0,64.0,industry,1
breast,immunotherapy,III,1460.0,11.0,industry,1
melanoma,hormone_therapy,II,1716.0,102.0,academic,1
pancreatic,combination,III,816.0,99.0,academic,0
leukemia,chemotherapy,III,344.0,115.0,industry,1
lung,targeted_therapy,III,1753.0,104.0,government,1
lung,targeted_therapy,IV,1714.0,28.0,industry,1
colorectal,immunotherapy,IV,99.0,15.0,government,0
breast,hormone_therapy,III,1074.0,56.0,academic,1
leukemia,hormone_therapy,II,1004.0,24.0,academic,0
renal,hormone_therapy,III,1155.0,56.0,industry,1
melanoma,combination,I,577.0,97.0,industry,1
pancreatic,immunotherapy,II,884.0,92.0,industry,0
prostate,hormone_therapy,III,736.0,73.0,academic,1
pancreatic,combination,II,1607.0,89.0,industry,0
ovarian,targeted_therapy,II,1693.0,88.0,academic,1
lung,chemotherapy,I,491.0,47.0,industry,0
melanoma,combination,III,93.0,96.0,academic,0
ovarian,targeted_therapy,III,1596.0,62.0,industry,1
leukemia,targeted_therapy,III,1522.0,103.0,industry,1
prostate,chemotherapy,II,608.0,73.0,industry,1
breast,targeted_therapy,III,1430.0,43.0,industry,1
melanoma,immunotherapy,III,1742.0,67.0,industry,1
melanoma,chemotherapy,II,1925.0,12.0,academic,0
lung,targeted_therapy,II,583.0,117.0,industry,1
bladder,radiation,II,1973.0,76.0,industry,1
melanoma,combination,IV,1476.0,55.0,academic,0
colorectal,targeted_therapy,III,1455.0,57.0,industry,1
prostate,immunotherapy,IV,486.0,31.0,government,1
prostate,hormone_therapy,II,618.0,31.0,government,0
colorectal,targeted_therapy,III,1664.0,24.0,industry,1
renal,hormone_therapy,III,1011.0,14.0,industry,1
colorectal,radiation,III,1952.0,66.0,industry,0
colorectal,targeted_therapy,IV,756.0,25.0,academic,1
prostate,chemotherapy,II,1013.0,111.0,academic,1
pancreatic,hormone_therapy,I,267.0,114.0,academic,0
prostate,radiation,III,1624.0,55.0,academic,1
bladder,chemotherapy,III,1163.0,85.0,industry,1
lung,chemotherapy,III,86.0,86.0,academic,1
ovarian,chemotherapy,II,592.0,27.0,academic,0
pancreatic,chemotherapy,III,1999.0,18.0,academic,1
breast,targeted_therapy,II,1370.0,17.0,government,1
ovarian,combination,II,1963.0,15.0,academic,1
lung,targeted_therapy,III,722.0,70.0,industry,1
bladder,targeted_therapy,III,489.0,101.0,industry,1
bladder,radiation,II,512.0,35.0,industry,0
breast,radiation,II,1744.0,13.0,industry,1
pancreatic,combination,II,682.0,26.0,government,0
renal,radiation,II,305.0,27.0,industry,0
colorectal,immunotherapy,III,1999.0,23.0,academic,1
pancreatic,combination,IV,1957.0,71.0,industry,1
renal,radiation,II,1651.0,53.0,industry,0
bladder,combination,III,331.0,49.0,government,0
prostate,targeted_therapy,III,328.0,14.0,government,1
lung,targeted_therapy,III,794.0,72.0,industry,1
breast,combination,II,1140.0,59.0,industry,1
lung,immunotherapy,IV,984.0,31.0,industry,1
leukemia,immunotherapy,II,1156.0,90.0,industry,1
leukemia,combination,II,1680.0,99.0,industry,1
pancreatic,radiation,I,475.0,97.0,industry,0
bladder,hormone_therapy,II,1506.0,105.0,government,1
bladder,immunotherapy,I,1991.0,31.0,academic,0
colorectal,chemotherapy,II,151.0,39.0,government,0
colorectal,targeted_therapy,II,949.0,13.0,academic,1
colorectal,combination,III,984.0,15.0,industry,1
prostate,chemotherapy,III,948.0,53.0,government,1
ovarian,combination,II,140.0,60.0,industry,1
melanoma,targeted_therapy,III,1240.0,112.0,government,1
ovarian,targeted_therapy,III,1849.0,119.0,industry,1
lung,immunotherapy,III,1525.0,59.0,industry,1
ovarian,immunotherapy,I,653.0,83.0,government,0
prostate,chemotherapy,III,1837.0,45.0,academic,0
lung,combination,IV,916.0,20.0,government,1
ovarian,targeted_therapy,III,791.0,86.0,government,1
prostate,chemotherapy,II,1082.0,23.0,industry,1
melanoma,hormone_therapy,III,585.0,101.0,industry,1
ovarian,chemotherapy,III,531.0,107.0,industry,1
prostate,radiation,III,1517.0,28.0,academic,1
colorectal,chemotherapy,I,1204.0,67.0,academic,0
bladder,radiation,II,308.0,51.0,industry,1
colorectal,radiation,III,219.0,92.0,academic,1
bladder,radiation,III,1831.0,104.0,academic,1
breast,hormone_therapy,I,547.0,44.0,industry,1
breast,chemotherapy,IV,936.0,20.0,academic,1
breast,chemotherapy,II,1728.0,58.0,academic,1
melanoma,hormone_therapy,III,1546.0,93.0,government,0
colorectal,targeted_therapy,III,1291.0,69.0,industry,1
bladder,immunotherapy,III,1426.0,68.0,industry,1
prostate,chemotherapy,IV,1261.0,97.0,industry,1
lung,immunotherapy,II,1130.0,85.0,industry,1
prostate,combination,III,1125.0,21.0,government,1
lung,combination,I,1105.0,109.0,industry,0
leukemia,hormone_therapy,III,818.0,108.0,academic,1
prostate,combination,III,1543.0,75.0,industry,1
ovarian,combination,III,1085.0,71.0,industry,1
ovarian,targeted_therapy,II,31.0,18.0,industry,1
pancreatic,targeted_therapy,III,852.0,113.0,academic,1
colorectal,targeted_therapy,II,1789.0,52.0,academic,1
lung,combination,I,860.0,14.0,industry,0
lung,hormone_therapy,III,662.0,68.0,government,1
colorectal,radiation,II,1158.0,39.0,industry,0
melanoma,radiation,III,1261.0,86.0,industry,1
pancreatic,immunotherapy,II,1692.0,96.0,industry,0
melanoma,radiation,II,125.0,34.0,industry,0
melanoma,radiation,III,710.0,42.0,government,0
melanoma,targeted_therapy,III,547.0,48.0,industry,1
colorectal,targeted_therapy,II,1515.0,91.0,industry,1
melanoma,combination,III,1797.0,69.0,industry,1
ovarian,immunotherapy,III,865.0,29.0,academic,1
breast,chemotherapy,III,912.0,76.0,industry,1
leukemia,immunotherapy,II,406.0,39.0,academic,1
lung,immunotherapy,III,1269.0,53.0,industry,1
lung,hormone_therapy,III,500.0,17.0,industry,0
leukemia,combination,III,1797.0,28.0,academic,1
colorectal,hormone_therapy,I,427.0,84.0,industry,1
prostate,immunotherapy,III,1500.0,102.0,government,1
colorectal,immunotherapy,III,1696.0,18.0,industry,1
lung,immunotherapy,III,917.0,92.0,academic,1
lung,radiation,II,730.0,107.0,industry,0
leukemia,hormone_therapy,III,1667.0,101.0,academic,1
melanoma,immunotherapy,III,658.0,50.0,industry,1
colorectal,targeted_therapy,I,1064.0,119.0,industry,0
bladder,combination,II,1702.0,104.0,industry,1
leukemia,combination,III,1644.0,70.0,industry,1
ovarian,targeted_therapy,I,834.0,52.0,industry,1
lung,combination,IV,937.0,63.0,industry,1
leukemia,radiation,III,222.0,114.0,academic,0
colorectal,radiation,III,436.0,10.0,academic,0
lung,chemotherapy,II,435.0,82.0,academic,0
prostate,chemotherapy,II,1491.0,10.0,academic,0
leukemia,chemotherapy,IV,1555.0,65.0,industry,1
pancreatic,combination,II,104.0,101.0,industry,0
lung,radiation,III,186.0,26.0,industry,0
colorectal,radiation,II,403.0,29.0,academic,0
breast,radiation,I,487.0,23.0,industry,1
bladder,targeted_therapy,I,1115.0,26.0,industry,1
renal,radiation,III,829.0,59.0,academic,1
melanoma,targeted_therapy,IV,1016.0,15.0,industry,1
renal,chemotherapy,II,1564.0,29.0,government,0
colorectal,chemotherapy,II,1836.0,109.0,government,0
ovarian,combination,II,492.0,116.0,industry,1
ovarian,chemotherapy,III,1012.0,90.0,industry,1
breast,combination,II,1301.0,94.0,industry,1
melanoma,immunotherapy,III,294.0,65.0,academic,1
pancreatic,immunotherapy,III,1793.0,62.0,industry,1
breast,hormone_therapy,III,1063.0,28.0,academic,1
renal,combination,I,1533.0,27.0,academic,0
breast,hormone_therapy,IV,1788.0,73.0,industry,1
renal,hormone_therapy,II,509.0,39.0,industry,1
lung,immunotherapy,I,1776.0,75.0,academic,0
ovarian,combination,III,345.0,33.0,industry,1
lung,immunotherapy,III,548.0,100.0,academic,0
bladder,hormone_therapy,II,911.0,104.0,industry,1
melanoma,combination,II,108.0,44.0,academic,0
pancreatic,hormone_therapy,III,505.0,47.0,government,1
renal,radiation,II,727.0,28.0,government,1
pancreatic,combination,III,369.0,75.0,industry,1
renal,combination,III,1127.0,85.0,industry,1
colorectal,hormone_therapy,II,406.0,7.0,academic,0
breast,radiation,II,106.0,29.0,industry,1
bladder,targeted_therapy,II,326.0,22.0,industry,1
ovarian,immunotherapy,III,1893.0,114.0,government,1
renal,hormone_therapy,III,1197.0,70.0,industry,1
pancreatic,combination,II,459.0,75.0,industry,0
bladder,immunotherapy,III,759.0,74.0,industry,1
prostate,immunotherapy,IV,283.0,114.0,academic,1
prostate,immunotherapy,II,996.0,65.0,academic,1
lung,targeted_therapy,IV,754.0,55.0,industry,1
ovarian,chemotherapy,II,440.0,98.0,industry,0
colorectal,hormone_therapy,I,512.0,17.0,industry,0
pancreatic,chemotherapy,II,652.0,108.0,academic,0
breast,chemotherapy,II,1012.0,52.0,industry,1
breast,chemotherapy,II,430.0,72.0,government,1
pancreatic,immunotherapy,I,192.0,117.0,industry,0
melanoma,radiation,IV,23.0,70.0,government,0
colorectal,immunotherapy,III,873.0,32.0,industry,1
bladder,immunotherapy,III,1683.0,53.0,academic,1
renal,combination,II,1005.0,93.0,industry,1
melanoma,combination,I,1515.0,67.0,industry,0
renal,chemotherapy,I,1153.0,49.0,government,0
renal,immunotherapy,III,1910.0,24.0,government,1
melanoma,chemotherapy,IV,1080.0,64.0,industry,1
lung,combination,II,602.0,13.0,academic,0
prostate,radiation,I,1844.0,60.0,academic,0
renal,hormone_therapy,III,1074.0,113.0,government,1
melanoma,chemotherapy,II,1994.0,52.0,industry,0
melanoma,radiation,II,400.0,7.0,industry,0
leukemia,hormone_therapy,III,1311.0,99.0,industry,1
lung,targeted_therapy,III,1054.0,99.0,industry,1
ovarian,chemotherapy,I,363.0,118.0,government,0
leukemia,chemotherapy,I,1883.0,44.0,industry,0
leukemia,targeted_therapy,IV,1587.0,50.0,industry,1
pancreatic,targeted_therapy,II,1612.0,37.0,academic,0
prostate,chemotherapy,I,185.0,70.0,academic,0
melanoma,targeted_therapy,II,719.0,43.0,industry,1
prostate,immunotherapy,I,361.0,82.0,industry,1
colorectal,hormone_therapy,II,1525.0,16.0,government,0
pancreatic,hormone_therapy,III,1062.0,15.0,industry,1
ovarian,hormone_therapy,II,1671.0,117.0,academic,0
prostate,immunotherapy,II,999.0,64.0,academic,1
breast,targeted_therapy,III,1227.0,95.0,industry,1
renal,radiation,III,1825.0,60.0,government,0
colorectal,targeted_therapy,III,564.0,25.0,academic,1
lung,chemotherapy,III,1053.0,86.0,industry,1
ovarian,combination,I,1635.0,22.0,academic,0
colorectal,hormone_therapy,III,211.0,73.0,academic,1
renal,targeted_therapy,II,339.0,10.0,academic,1
pancreatic,radiation,IV,1745.0,65.0,government,0
renal,chemotherapy,II,599.0,28.0,industry,0
leukemia,immunotherapy,IV,494.0,51.0,industry,1
renal,immunotherapy,III,1903.0,57.0,industry,1
leukemia,radiation,II,656.0,15.0,industry,1
pancreatic,chemotherapy,III,446.0,51.0,industry,0
bladder,hormone_therapy,IV,1891.0,33.0,government,1
leukemia,targeted_therapy,III,1102.0,102.0,academic,1
lung,chemotherapy,I,1479.0,48.0,academic,0
renal,immunotherapy,III,116.0,31.0,academic,1
renal,radiation,II,515.0,60.0,academic,0
lung,radiation,I,1830.0,119.0,industry,0
breast,targeted_therapy,II,680.0,53.0,government,1
melanoma,radiation,II,1321.0,34.0,industry,1
bladder,radiation,III,1308.0,32.0,government,0
ovarian,chemotherapy,II,28.0,23.0,academic,0
leukemia,hormone_therapy,III,476.0,109.0,industry,1
lung,targeted_therapy,I,1838.0,65.0,academic,1
pancreatic,chemotherapy,II,292.0,79.0,industry,0
leukemia,hormone_therapy,II,959.0,111.0,industry,0
melanoma,chemotherapy,II,1856.0,74.0,academic,0
pancreatic,combination,I,1051.0,79.0,industry,0
colorectal,chemotherapy,II,227.0,119.0,industry,0
renal,radiation,III,1957.0,26.0,government,0
colorectal,hormone_therapy,II,1680.0,29.0,academic,0
leukemia,targeted_therapy,II,1166.0,107.0,government,1
melanoma,targeted_therapy,II,1076.0,8.0,academic,0
bladder,hormone_therapy,III,1556.0,109.0,industry,1
leukemia,radiation,IV,223.0,100.0,industry,1
lung,immunotherapy,II,537.0,67.0,academic,1
prostate,chemotherapy,II,1852.0,110.0,government,0
leukemia,radiation,I,1994.0,106.0,industry,0
renal,combination,IV,536.0,7.0,government,0
renal,hormone_therapy,I,462.0,71.0,government,0
leukemia,chemotherapy,II,1635.0,108.0,academic,1
pancreatic,targeted_therapy,II,1829.0,118.0,government,0
prostate,immunotherapy,II,708.0,47.0,industry,1
lung,combination,II,869.0,113.0,government,0
leukemia,targeted_therapy,III,852.0,39.0,academic,1
pancreatic,hormone_therapy,I,358.0,47.0,industry,0
renal,chemotherapy,III,1481.0,25.0,government,0
renal,hormone_therapy,I,1488.0,102.0,industry,0
melanoma,chemotherapy,I,1179.0,73.0,industry,0
leukemia,radiation,IV,406.0,50.0,academic,1
prostate,immunotherapy,II,1068.0,113.0,industry,1
breast,radiation,III,525.0,80.0,industry,1
prostate,radiation,III,1368.0,47.0,academic,0
renal,hormone_therapy,I,1738.0,52.0,industry,1
renal,immunotherapy,IV,699.0,10.0,industry,1
colorectal,chemotherapy,II,1381.0,94.0,industry,1
renal,chemotherapy,III,709.0,54.0,industry,0
lung,combination,II,904.0,42.0,academic,1
ovarian,targeted_therapy,III,1138.0,39.0,academic,1
leukemia,combination,I,1588.0,78.0,government,0
prostate,combination,III,642.0,75.0,academic,1
ovarian,chemotherapy,III,1189.0,23.0,industry,1
pancreatic,hormone_therapy,IV,912.0,83.0,government,0
breast,radiation,IV,972.0,24.0,academic,1
lung,radiation,III,1274.0,83.0,academic,1
prostate,radiation,III,803.0,45.0,academic,1
ovarian,immunotherapy,II,1891.0,22.0,government,1
breast,chemotherapy,II,514.0,65.0,academic,1
colorectal,hormone_therapy,II,1081.0,104.0,industry,1
lung,immunotherapy,II,1468.0,98.0,academic,1
lung,targeted_therapy,II,1690.0,47.0,industry,0
colorectal,hormone_therapy,III,1889.0,86.0,industry,1
leukemia,combination,II,766.0,112.0,industry,1
colorectal,hormone_therapy,III,456.0,77.0,industry,1
lung,hormone_therapy,II,1874.0,70.0,industry,0
lung,radiation,II,1411.0,114.0,industry,0
ovarian,hormone_therapy,III,364.0,58.0,academic,1
renal,combination,III,1203.0,105.0,academic,1
breast,combination,III,569.0,12.0,government,1
colorectal,chemotherapy,III,1705.0,115.0,industry,0
breast,hormone_therapy,II,1955.0,10.0,academic,1
colorectal,radiation,III,839.0,29.0,government,0
pancreatic,hormone_therapy,I,560.0,33.0,industry,0
lung,targeted_therapy,II,163.0,67.0,academic,0
renal,targeted_therapy,II,607.0,112.0,academic,1
ovarian,radiation,I,676.0,22.0,industry,0
renal,chemotherapy,II,1784.0,106.0,government,0
renal,chemotherapy,IV,1619.0,25.0,academic,1
renal,combination,IV,1902.0,8.0,industry,1
breast,combination,II,364.0,42.0,industry,1
colorectal,immunotherapy,I,1312.0,95.0,industry,1
bladder,radiation,II,1883.0,20.0,industry,0
pancreatic,hormone_therapy,II,715.0,56.0,industry,0
prostate,radiation,IV,1816.0,53.0,industry,1
renal,immunotherapy,I,287.0,13.0,industry,1
leukemia,combination,III,188.0,18.0,government,1
breast,radiation,I,1814.0,53.0,industry,1
ovarian,radiation,IV,1782.0,8.0,industry,0
prostate,combination,II,52.0,70.0,industry,1
bladder,immunotherapy,III,396.0,78.0,industry,1
leukemia,combination,II,1257.0,36.0,industry,1
bladder,chemotherapy,III,1605.0,110.0,industry,1
prostate,hormone_therapy,II,1483.0,31.0,industry,1
renal,combination,I,1535.0,86.0,academic,0
leukemia,immunotherapy,IV,412.0,61.0,government,1
bladder,targeted_therapy,IV,508.0,39.0,industry,1
ovarian,chemotherapy,III,741.0,14.0,industry,1
colorectal,targeted_therapy,III,965.0,67.0,academic,1
lung,combination,III,1072.0,18.0,academic,1
colorectal,chemotherapy,I,58.0,74.0,industry,0
prostate,hormone_therapy,II,1902.0,46.0,government,0
breast,combination,II,1655.0,82.0,academic,1
lung,hormone_therapy,III,1216.0,6.0,industry,1
pancreatic,radiation,II,1060.0,94.0,academic,0
ovarian,targeted_therapy,I,1099.0,52.0,government,1
pancreatic,chemotherapy,III,245.0,9.0,academic,0
leukemia,hormone_therapy,III,1601.0,105.0,industry,1
lung,immunotherapy,II,86.0,68.0,industry,1
pancreatic,hormone_therapy,I,1240.0,57.0,industry,0
pancreatic,immunotherapy,II,1697.0,15.0,industry,0
bladder,combination,II,854.0,33.0,academic,1
colorectal,chemotherapy,II,1066.0,11.0,academic,0
bladder,hormone_therapy,III,1018.0,32.0,academic,1
lung,hormone_therapy,III,1649.0,17.0,government,0
lung,chemotherapy,III,1797.0,67.0,industry,1
prostate,hormone_therapy,II,256.0,57.0,government,1
bladder,immunotherapy,III,976.0,53.0,academic,1
melanoma,hormone_therapy,II,938.0,72.0,industry,1
colorectal,targeted_therapy,II,1966.0,51.0,academic,1
lung,combination,III,1609.0,102.0,industry,1
prostate,radiation,II,1181.0,79.0,academic,0
bladder,immunotherapy,I,492.0,100.0,industry,1
colorectal,targeted_therapy,III,1888.0,20.0,industry,1
bladder,combination,II,1827.0,76.0,academic,1
pancreatic,chemotherapy,III,572.0,41.0,academic,1
prostate,immunotherapy,I,1653.0,19.0,industry,1
colorectal,radiation,III,714.0,117.0,industry,1
renal,combination,II,1683.0,83.0,industry,1
leukemia,radiation,I,1272.0,8.0,academic,0
leukemia,chemotherapy,III,336.0,118.0,government,1
colorectal,chemotherapy,II,617.0,115.0,government,1
bladder,immunotherapy,II,787.0,119.0,industry,1
prostate,hormone_therapy,I,1764.0,72.0,academic,0
leukemia,chemotherapy,I,1770.0,91.0,industry,1
prostate,combination,II,905.0,24.0,academic,1
leukemia,hormone_therapy,I,1655.0,104.0,industry,1
pancreatic,targeted_therapy,IV,580.0,81.0,industry,0
bladder,radiation,I,1244.0,59.0,academic,0
pancreatic,hormone_therapy,II,1991.0,74.0,industry,0
leukemia,radiation,I,277.0,15.0,academic,0
renal,hormone_therapy,II,1523.0,110.0,academic,0
renal,targeted_therapy,IV,1931.0,38.0,industry,1
pancreatic,chemotherapy,II,1221.0,18.0,industry,0
renal,targeted_therapy,IV,776.0,104.0,government,0
leukemia,chemotherapy,II,142.0,56.0,academic,0
colorectal,chemotherapy,III,361.0,37.0,industry,1
pancreatic,radiation,III,1214.0,80.0,industry,0
breast,combination,III,1888.0,117.0,academic,1
bladder,targeted_therapy,III,1691.0,107.0,academic,1
renal,hormone_therapy,III,1102.0,29.0,industry,1
renal,targeted_therapy,II,1748.0,40.0,industry,1
lung,radiation,II,1508.0,88.0,government,0
melanoma,chemotherapy,IV,1823.0,75.0,academic,0
pancreatic,radiation,II,279.0,45.0,government,0
ovarian,immunotherapy,II,1416.0,59.0,academic,1
renal,immunotherapy,III,114.0,114.0,government,1
bladder,hormone_therapy,II,1168.0,49.0,industry,1
breast,radiation,IV,60.0,67.0,academic,1
renal,hormone_therapy,III,1934.0,111.0,industry,1
breast,hormone_therapy,III,273.0,104.0,academic,1
leukemia,immunotherapy,III,26.0,73.0,industry,1
leukemia,hormone_therapy,I,1514.0,38.0,industry,0
melanoma,immunotherapy,II,747.0,82.0,government,0
colorectal,chemotherapy,II,1554.0,61.0,government,0
ovarian,radiation,II,1624.0,41.0,industry,0
lung,hormone_therapy,III,88.0,59.0,academic,0
melanoma,immunotherapy,IV,1124.0,112.0,industry,1
prostate,targeted_therapy,II,561.0,24.0,industry,1
lung,hormone_therapy,II,1628.0,48.0,academic,0
pancreatic,combination,IV,1305.0,17.0,industry,1
bladder,chemotherapy,II,108.0,16.0,government,0
prostate,chemotherapy,II,1958.0,75.0,industry,1
prostate,targeted_therapy,II,1251.0,17.0,academic,1
melanoma,immunotherapy,IV,232.0,96.0,academic,1
colorectal,hormone_therapy,III,853.0,46.0,industry,0
melanoma,immunotherapy,III,285.0,30.0,industry,1
pancreatic,chemotherapy,III,931.0,111.0,academic,0
renal,immunotherapy,II,312.0,8.0,academic,0
renal,chemotherapy,II,1250.0,8.0,industry,0
colorectal,immunotherapy,III,352.0,89.0,industry,1
pancreatic,targeted_therapy,II,1120.0,33.0,industry,1
colorectal,radiation,III,1331.0,28.0,industry,1
breast,targeted_therapy,IV,1024.0,53.0,industry,1
renal,targeted_therapy,III,66.0,72.0,industry,0
prostate,radiation,III,641.0,47.0,academic,1
ovarian,radiation,III,1243.0,93.0,academic,0
bladder,hormone_therapy,III,446.0,112.0,government,1
pancreatic,hormone_therapy,II,229.0,45.0,academic,0
lung,targeted_therapy,I,907.0,11.0,government,0
colorectal,targeted_therapy,II,1463.0,25.0,academic,0
bladder,chemotherapy,III,173.0,16.0,academic,0
lung,chemotherapy,II,1565.0,101.0,government,0
bladder,hormone_therapy,III,434.0,32.0,academic,1
ovarian,combination,II,1396.0,26.0,industry,0
lung,combination,III,1200.0,113.0,academic,1
melanoma,hormone_therapy,II,1304.0,117.0,government,0
leukemia,chemotherapy,III,1120.0,119.0,academic,1
melanoma,chemotherapy,III,788.0,18.0,academic,1
renal,combination,II,1002.0,91.0,academic,1
leukemia,immunotherapy,II,1531.0,40.0,government,1
melanoma,immunotherapy,III,1174.0,52.0,industry,1
leukemia,chemotherapy,II,598.0,91.0,academic,1
leukemia,immunotherapy,II,1498.0,33.0,industry,1
prostate,radiation,IV,759.0,26.0,academic,1
colorectal,hormone_therapy,III,182.0,115.0,academic,1
colorectal,hormone_therapy,IV,1058.0,23.0,industry,1
prostate,chemotherapy,II,1275.0,36.0,industry,1
bladder,targeted_therapy,II,214.0,65.0,academic,1
breast,combination,III,1904.0,115.0,industry,1
bladder,chemotherapy,III,561.0,42.0,industry,1
lung,immunotherapy,III,378.0,26.0,academic,1
lung,combination,II,869.0,19.0,industry,1
leukemia,targeted_therapy,II,1374.0,94.0,industry,1
melanoma,immunotherapy,I,446.0,96.0,government,1
melanoma,radiation,II,516.0,109.0,industry,0
colorectal,immunotherapy,I,847.0,65.0,industry,0
pancreatic,radiation,I,505.0,28.0,academic,0
bladder,combination,IV,1851.0,100.0,academic,1
renal,radiation,II,1492.0,116.0,government,1
ovarian,combination,III,1456.0,34.0,government,1
melanoma,combination,III,349.0,52.0,academic,1
ovarian,combination,III,1775.0,35.0,industry,1
leukemia,combination,II,908.0,95.0,industry,1
ovarian,combination,III,1010.0,89.0,industry,1
renal,immunotherapy,III,1190.0,43.0,industry,1
prostate,combination,III,278.0,88.0,academic,1
renal,immunotherapy,III,311.0,32.0,academic,1
ovarian,combination,IV,1854.0,94.0,industry,1
renal,radiation,III,162.0,109.0,academic,1
breast,combination,II,1980.0,107.0,industry,1
leukemia,targeted_therapy,III,766.0,92.0,industry,1
bladder,combination,I,646.0,98.0,academic,0
prostate,combination,III,1408.0,20.0,industry,1
melanoma,radiation,I,109.0,64.0,industry,0
lung,hormone_therapy,II,739.0,8.0,industry,1
bladder,radiation,III,1207.0,15.0,industry,1
lung,targeted_therapy,III,500.0,84.0,academic,1
leukemia,hormone_therapy,II,103.0,85.0,government,1
prostate,chemotherapy,II,1120.0,22.0,industry,0
colorectal,chemotherapy,III,692.0,88.0,industry,1
melanoma,targeted_therapy,II,536.0,16.0,academic,1
breast,radiation,III,504.0,53.0,government,1
colorectal,immunotherapy,I,1633.0,10.0,industry,0
leukemia,targeted_therapy,III,1646.0,74.0,industry,1
bladder,hormone_therapy,III,1642.0,69.0,academic,1
breast,hormone_therapy,II,801.0,19.0,academic,1
renal,combination,II,123.0,55.0,industry,0
ovarian,chemotherapy,II,1495.0,31.0,academic,1
breast,hormone_therapy,III,1530.0,77.0,industry,1
leukemia,targeted_therapy,III,358.0,74.0,industry,1
pancreatic,hormone_therapy,III,706.0,12.0,industry,0
ovarian,targeted_therapy,II,1609.0,21.0,government,0
lung,immunotherapy,II,919.0,60.0,industry,1
melanoma,combination,I,1521.0,83.0,industry,0
lung,chemotherapy,II,1766.0,106.0,industry,0
breast,hormone_therapy,III,626.0,61.0,government,1
lung,targeted_therapy,III,242.0,110.0,industry,1
leukemia,radiation,III,1052.0,9.0,industry,1
renal,chemotherapy,II,1096.0,105.0,industry,1
bladder,immunotherapy,IV,1120.0,53.0,academic,1
melanoma,targeted_therapy,III,1761.0,22.0,industry,1
lung,combination,IV,522.0,116.0,industry,1
lung,combination,III,1359.0,41.0,industry,0
breast,immunotherapy,II,1857.0,75.0,government,0
bladder,immunotherapy,I,841.0,85.0,academic,0
colorectal,combination,III,1885.0,98.0,academic,1
lung,hormone_therapy,I,643.0,105.0,government,0
leukemia,hormone_therapy,II,1906.0,43.0,government,1
pancreatic,targeted_therapy,III,184.0,106.0,industry,1
melanoma,radiation,III,1322.0,117.0,government,0
lung,targeted_therapy,III,1070.0,67.0,industry,1
leukemia,radiation,II,1113.0,53.0,industry,1
leukemia,immunotherapy,II,1261.0,15.0,government,1
melanoma,chemotherapy,III,1408.0,110.0,industry,0
colorectal,targeted_therapy,IV,1744.0,41.0,industry,1
leukemia,targeted_therapy,III,1888.0,34.0,industry,1
pancreatic,radiation,IV,1990.0,83.0,academic,0
leukemia,immunotherapy,III,1349.0,9.0,industry,1
leukemia,immunotherapy,III,1167.0,49.0,academic,1
leukemia,radiation,II,38.0,61.0,government,0
renal,immunotherapy,III,1300.0,47.0,academic,1
renal,combination,III,1339.0,105.0,industry,1
colorectal,hormone_therapy,III,1971.0,119.0,government,1
lung,combination,II,1065.0,114.0,industry,0
leukemia,chemotherapy,III,1923.0,18.0,industry,1
bladder,targeted_therapy,II,1008.0,51.0,industry,1
lung,chemotherapy,III,469.0,87.0,academic,0
colorectal,targeted_therapy,II,571.0,38.0,industry,1
prostate,hormone_therapy,III,1593.0,26.0,industry,1
lung,immunotherapy,II,1091.0,85.0,industry,1
lung,combination,I,714.0,84.0,industry,0
ovarian,radiation,II,606.0,62.0,academic,0
breast,combination,III,740.0,74.0,academic,1
ovarian,hormone_therapy,II,1226.0,75.0,academic,1
pancreatic,chemotherapy,II,1478.0,107.0,industry,0
renal,radiation,III,126.0,72.0,industry,0
renal,immunotherapy,II,1231.0,53.0,government,1
breast,hormone_therapy,IV,795.0,81.0,industry,1
melanoma,radiation,IV,1129.0,105.0,government,0
melanoma,hormone_therapy,III,1879.0,38.0,industry,1
colorectal,hormone_therapy,II,1886.0,41.0,government,1
breast,immunotherapy,III,1499.0,38.0,industry,1
lung,targeted_therapy,I,1180.0,36.0,industry,0
melanoma,radiation,II,1901.0,26.0,academic,0
leukemia,immunotherapy,II,917.0,32.0,academic,0
bladder,hormone_therapy,IV,355.0,96.0,industry,1
lung,immunotherapy,I,626.0,77.0,academic,0
pancreatic,targeted_therapy,III,857.0,106.0,academic,1
leukemia,combination,III,1800.0,67.0,industry,1
leukemia,radiation,II,1512.0,101.0,industry,1
breast,targeted_therapy,I,621.0,31.0,industry,1
colorectal,chemotherapy,IV,1614.0,71.0,industry,1
pancreatic,radiation,III,422.0,17.0,academic,0
melanoma,targeted_therapy,III,559.0,27.0,industry,1
breast,hormone_therapy,II,1115.0,22.0,industry,0
melanoma,radiation,II,1825.0,12.0,industry,0
breast,radiation,II,43.0,112.0,industry,0
breast,immunotherapy,I,643.0,73.0,industry,1
breast,hormone_therapy,I,1855.0,42.0,industry,1
colorectal,chemotherapy,III,1528.0,43.0,industry,1
breast,combination,II,1099.0,101.0,government,1
prostate,targeted_therapy,II,1005.0,16.0,industry,1
bladder,immunotherapy,III,242.0,6.0,academic,1
melanoma,targeted_therapy,III,1675.0,30.0,industry,1
lung,chemotherapy,I,198.0,47.0,industry,0
ovarian,chemotherapy,III,819.0,57.0,industry,1
pancreatic,radiation,I,453.0,29.0,industry,0
renal,chemotherapy,I,1980.0,58.0,government,0
colorectal,targeted_therapy,I,1493.0,112.0,government,1
lung,hormone_therapy,III,812.0,61.0,academic,0
leukemia,hormone_therapy,I,903.0,68.0,academic,0
prostate,radiation,I,511.0,86.0,industry,0
renal,combination,II,1232.0,13.0,industry,0
ovarian,targeted_therapy,III,1621.0,64.0,government,1
lung,targeted_therapy,II,829.0,50.0,academic,1
renal,chemotherapy,II,980.0,32.0,academic,1
lung,targeted_therapy,I,439.0,57.0,industry,1
prostate,immunotherapy,II,1292.0,23.0,industry,1
ovarian,combination,III,1631.0,96.0,government,1
leukemia,chemotherapy,III,668.0,91.0,industry,1
breast,immunotherapy,II,1207.0,21.0,industry,1
melanoma,radiation,II,1788.0,71.0,industry,1
leukemia,hormone_therapy,I,1298.0,10.0,academic,0
breast,radiation,II,495.0,87.0,industry,0
colorectal,hormone_therapy,I,1849.0,8.0,academic,1
bladder,radiation,III,1460.0,96.0,industry,1
pancreatic,targeted_therapy,IV,189.0,86.0,government,0
pancreatic,immunotherapy,IV,1360.0,85.0,academic,1
melanoma,hormone_therapy,III,193.0,75.0,industry,1
ovarian,chemotherapy,III,489.0,12.0,academic,1
prostate,immunotherapy,III,364.0,55.0,industry,1
ovarian,chemotherapy,II,464.0,19.0,industry,0
prostate,immunotherapy,III,1061.0,43.0,government,1
ovarian,immunotherapy,II,1113.0,109.0,industry,1
bladder,radiation,II,1381.0,84.0,industry,0
colorectal,hormone_therapy,III,647.0,116.0,industry,1
colorectal,hormone_therapy,II,611.0,52.0,industry,1
breast,immunotherapy,II,546.0,117.0,government,1
renal,targeted_therapy,IV,1731.0,38.0,industry,1
colorectal,targeted_therapy,I,475.0,48.0,government,0
colorectal,chemotherapy,II,1312.0,96.0,government,0
leukemia,chemotherapy,IV,1674.0,34.0,industry,1
leukemia,radiation,III,830.0,62.0,industry,1
breast,immunotherapy,III,207.0,106.0,government,1
renal,chemotherapy,II,1040.0,10.0,industry,0
melanoma,chemotherapy,II,1612.0,98.0,industry,1
leukemia,combination,III,730.0,101.0,industry,1
melanoma,immunotherapy,III,548.0,65.0,academic,1
lung,radiation,III,453.0,75.0,academic,0
leukemia,chemotherapy,I,307.0,7.0,industry,0
bladder,radiation,I,1961.0,75.0,industry,0
renal,hormone_therapy,IV,1610.0,115.0,government,1
breast,radiation,II,518.0,48.0,academic,1
lung,targeted_therapy,III,1484.0,9.0,academic,1
renal,targeted_therapy,I,1824.0,61.0,academic,1
bladder,radiation,III,322.0,98.0,industry,1
renal,targeted_therapy,IV,106.0,64.0,academic,1
bladder,hormone_therapy,III,849.0,94.0,industry,1
bladder,immunotherapy,I,457.0,14.0,industry,0
melanoma,targeted_therapy,III,560.0,8.0,academic,1
ovarian,targeted_therapy,III,1065.0,95.0,industry,1
lung,radiation,II,852.0,53.0,government,0
renal,hormone_therapy,III,816.0,48.0,industry,1
prostate,immunotherapy,III,579.0,96.0,government,1
lung,radiation,III,1560.0,105.0,government,1
ovarian,radiation,III,781.0,101.0,industry,1
lung,combination,I,1718.0,6.0,academic,0
colorectal,hormone_therapy,II,1546.0,62.0,industry,1
prostate,immunotherapy,II,1757.0,58.0,government,1
ovarian,hormone_therapy,IV,486.0,21.0,industry,1
melanoma,immunotherapy,III,1144.0,56.0,academic,1
renal,hormone_therapy,III,1626.0,117.0,industry,1
pancreatic,radiation,II,1985.0,80.0,industry,0
ovarian,radiation,II,694.0,95.0,industry,0
breast,chemotherapy,III,704.0,109.0,industry,1
renal,targeted_therapy,II,1184.0,60.0,academic,1
ovarian,combination,II,157.0,6.0,academic,0
colorectal,hormone_therapy,III,597.0,95.0,academic,1
pancreatic,combination,I,729.0,33.0,industry,0
colorectal,chemotherapy,II,1883.0,58.0,industry,0
pancreatic,targeted_therapy,II,247.0,63.0,industry,1
breast,hormone_therapy,I,300.0,78.0,academic,0
renal,immunotherapy,IV,703.0,65.0,government,0
melanoma,targeted_therapy,II,847.0,64.0,industry,1
colorectal,radiation,I,450.0,113.0,industry,0
colorectal,chemotherapy,II,1083.0,27.0,industry,1
bladder,targeted_therapy,III,1562.0,13.0,academic,1
pancreatic,targeted_therapy,II,1729.0,54.0,academic,1
leukemia,radiation,III,1706.0,47.0,academic,1
renal,hormone_therapy,I,1254.0,32.0,industry,0
pancreatic,immunotherapy,I,321.0,44.0,academic,0
bladder,radiation,II,1129.0,88.0,academic,0
lung,immunotherapy,III,1440.0,30.0,industry,1
pancreatic,hormone_therapy,III,1296.0,43.0,industry,0
melanoma,targeted_therapy,I,552.0,90.0,industry,1
renal,immunotherapy,III,788.0,29.0,industry,1
bladder,chemotherapy,IV,1934.0,29.0,government,1
lung,chemotherapy,II,1958.0,65.0,industry,0
prostate,radiation,III,1424.0,88.0,academic,1
bladder,hormone_therapy,I,463.0,55.0,academic,1
prostate,radiation,IV,1076.0,116.0,industry,1
renal,radiation,III,279.0,71.0,academic,1
colorectal,combination,IV,1277.0,19.0,industry,1
bladder,radiation,III,1558.0,58.0,industry,1
breast,combination,II,1902.0,37.0,industry,1
prostate,chemotherapy,IV,1351.0,111.0,industry,1
melanoma,chemotherapy,II,758.0,101.0,industry,1
breast,radiation,II,815.0,97.0,industry,0
ovarian,chemotherapy,III,89.0,53.0,industry,1
ovarian,hormone_therapy,III,1497.0,44.0,industry,1
lung,combination,IV,1482.0,45.0,government,1
colorectal,combination,II,1868.0,47.0,industry,1
renal,radiation,III,1407.0,116.0,academic,1
bladder,chemotherapy,III,1002.0,109.0,industry,1
leukemia,immunotherapy,I,1809.0,82.0,academic,1
melanoma,combination,II,500.0,81.0,industry,1
prostate,radiation,II,1187.0,13.0,government,0
renal,radiation,II,43.0,84.0,industry,0
breast,hormone_therapy,IV,984.0,31.0,academic,1
ovarian,targeted_therapy,III,1468.0,17.0,industry,1
melanoma,targeted_therapy,III,765.0,48.0,industry,1
leukemia,combination,IV,864.0,56.0,academic,1
bladder,hormone_therapy,II,1218.0,115.0,industry,0
lung,hormone_therapy,III,1887.0,96.0,industry,1
leukemia,hormone_therapy,II,344.0,87.0,industry,1
melanoma,combination,III,1912.0,114.0,academic,1
leukemia,targeted_therapy,II,1714.0,105.0,government,1
melanoma,hormone_therapy,IV,1903.0,68.0,industry,1
melanoma,chemotherapy,II,1391.0,54.0,academic,1
pancreatic,radiation,II,817.0,32.0,industry,0
prostate,radiation,III,37.0,14.0,industry,1
ovarian,immunotherapy,II,63.0,44.0,government,0
pancreatic,immunotherapy,III,174.0,70.0,government,0
bladder,combination,II,886.0,76.0,academic,1
pancreatic,combination,III,941.0,95.0,industry,1
colorectal,radiation,II,1420.0,76.0,industry,1
colorectal,chemotherapy,I,762.0,12.0,industry,0
ovarian,targeted_therapy,II,1926.0,77.0,industry,1
leukemia,targeted_therapy,II,1871.0,85.0,industry,1
prostate,combination,II,1445.0,72.0,academic,1
ovarian,chemotherapy,II,244.0,114.0,government,0
melanoma,combination,II,236.0,15.0,industry,1
breast,targeted_therapy,I,1611.0,119.0,industry,1
prostate,combination,III,50.0,76.0,government,1
prostate,hormone_therapy,III,1912.0,90.0,industry,1
melanoma,combination,II,1102.0,58.0,academic,1
melanoma,radiation,III,1935.0,106.0,industry,1
lung,combination,III,917.0,100.0,industry,1
ovarian,radiation,II,1396.0,92.0,government,0
melanoma,chemotherapy,III,954.0,62.0,industry,1
colorectal,targeted_therapy,II,464.0,96.0,industry,1
bladder,immunotherapy,III,1278.0,91.0,industry,1
breast,immunotherapy,I,1150.0,108.0,government,1
ovarian,targeted_therapy,III,1234.0,32.0,government,1
renal,immunotherapy,III,549.0,59.0,industry,1
colorectal,combination,I,1956.0,118.0,industry,1
leukemia,chemotherapy,II,757.0,9.0,academic,0
melanoma,chemotherapy,IV,1722.0,93.0,industry,1
renal,targeted_therapy,II,1626.0,28.0,academic,1
melanoma,immunotherapy,III,893.0,53.0,industry,1
prostate,combination,IV,585.0,88.0,industry,1
colorectal,chemotherapy,III,1288.0,47.0,academic,1
prostate,chemotherapy,III,1905.0,8.0,industry,1
lung,hormone_therapy,III,95.0,96.0,government,0
prostate,hormone_therapy,III,566.0,8.0,industry,1
lung,chemotherapy,II,286.0,33.0,industry,0
lung,targeted_therapy,II,336.0,68.0,government,0
renal,radiation,II,1855.0,86.0,industry,1
melanoma,radiation,IV,1164.0,36.0,academic,0
leukemia,combination,III,1879.0,15.0,industry,1
prostate,chemotherapy,I,44.0,54.0,academic,0
colorectal,chemotherapy,III,1475.0,91.0,academic,1
lung,chemotherapy,II,179.0,99.0,industry,0
melanoma,targeted_therapy,I,615.0,118.0,academic,0
breast,hormone_therapy,III,1157.0,26.0,academic,1
ovarian,chemotherapy,II,1778.0,105.0,industry,1
renal,chemotherapy,III,919.0,58.0,academic,1
leukemia,immunotherapy,II,521.0,92.0,academic,1
pancreatic,targeted_therapy,III,1209.0,107.0,industry,1
renal,combination,III,1032.0,81.0,industry,1
breast,chemotherapy,I,722.0,94.0,industry,0
ovarian,immunotherapy,IV,1218.0,59.0,industry,1
breast,radiation,III,20.0,62.0,academic,1
prostate,combination,II,1942.0,25.0,industry,1
lung,chemotherapy,II,760.0,118.0,government,1
leukemia,chemotherapy,III,1129.0,54.0,industry,0
bladder,immunotherapy,II,1617.0,111.0,industry,1
lung,targeted_therapy,II,339.0,12.0,academic,0
bladder,chemotherapy,I,1444.0,34.0,industry,1
ovarian,radiation,II,401.0,53.0,industry,1
melanoma,chemotherapy,III,1761.0,98.0,industry,1
pancreatic,radiation,II,1660.0,18.0,industry,0
colorectal,combination,II,1361.0,8.0,industry,1
lung,combination,II,1846.0,7.0,government,0
leukemia,hormone_therapy,II,1293.0,21.0,industry,1
breast,hormone_therapy,IV,1568.0,99.0,government,1
leukemia,radiation,II,1718.0,107.0,academic,0
ovarian,targeted_therapy,IV,1598.0,11.0,industry,1
bladder,chemotherapy,II,917.0,50.0,industry,0
breast,chemotherapy,II,1995.0,76.0,academic,1
colorectal,hormone_therapy,III,1666.0,10.0,government,1
colorectal,radiation,II,736.0,61.0,industry,0
lung,chemotherapy,III,1939.0,76.0,industry,1
ovarian,chemotherapy,IV,1299.0,103.0,industry,0
melanoma,targeted_therapy,I,326.0,37.0,industry,1
ovarian,immunotherapy,I,1993.0,54.0,academic,1
bladder,hormone_therapy,III,1187.0,18.0,government,1
leukemia,hormone_therapy,II,1701.0,35.0,industry,1
colorectal,immunotherapy,II,410.0,30.0,academic,1
leukemia,chemotherapy,I,1856.0,90.0,academic,1
leukemia,targeted_therapy,I,1719.0,65.0,industry,1
leukemia,targeted_therapy,III,1212.0,64.0,industry,1
colorectal,hormone_therapy,I,1009.0,90.0,academic,0
renal,targeted_therapy,II,317.0,33.0,government,1
prostate,combination,III,252.0,117.0,academic,0
bladder,immunotherapy,II,1946.0,63.0,industry,1
renal,chemotherapy,I,290.0,25.0,industry,0
bladder,combination,III,1103.0,39.0,industry,1
breast,immunotherapy,I,1339.0,10.0,academic,1
ovarian,radiation,III,1510.0,87.0,academic,0
ovarian,hormone_therapy,III,1278.0,65.0,industry,1
pancreatic,targeted_therapy,II,696.0,108.0,academic,0
ovarian,radiation,III,725.0,48.0,academic,1
colorectal,targeted_therapy,II,253.0,62.0,academic,0
melanoma,combination,II,1411.0,62.0,government,1
lung,chemotherapy,III,1738.0,80.0,industry,0
pancreatic,chemotherapy,III,864.0,59.0,government,0
lung,chemotherapy,II,1275.0,86.0,industry,0
bladder,targeted_therapy,III,1916.0,117.0,industry,1
lung,radiation,IV,510.0,50.0,government,0
lung,chemotherapy,IV,1662.0,91.0,government,0
pancreatic,radiation,III,522.0,42.0,industry,0
breast,targeted_therapy,II,909.0,89.0,academic,1
leukemia,combination,II,1778.0,53.0,academic,1
ovarian,radiation,IV,611.0,59.0,academic,0
ovarian,combination,I,765.0,53.0,industry,0
colorectal,targeted_therapy,III,1424.0,117.0,academic,1
pancreatic,targeted_therapy,II,1739.0,115.0,industry,0
colorectal,hormone_therapy,II,447.0,11.0,industry,0
melanoma,targeted_therapy,II,716.0,39.0,industry,1
melanoma,targeted_therapy,IV,665.0,68.0,industry,1
colorectal,immunotherapy,I,751.0,83.0,government,0
pancreatic,chemotherapy,III,819.0,53.0,industry,1
colorectal,hormone_therapy,I,383.0,28.0,government,0
ovarian,hormone_therapy,II,221.0,89.0,industry,1
renal,hormone_therapy,II,901.0,18.0,academic,1
prostate,immunotherapy,III,165.0,52.0,academic,1
lung,combination,II,855.0,49.0,academic,0
prostate,targeted_therapy,II,658.0,110.0,academic,1
pancreatic,chemotherapy,I,1500.0,37.0,academic,0
prostate,radiation,II,154.0,31.0,government,0
melanoma,combination,IV,645.0,119.0,academic,1
bladder,targeted_therapy,IV,1307.0,58.0,industry,1
lung,immunotherapy,II,83.0,19.0,academic,0
leukemia,targeted_therapy,III,510.0,57.0,industry,1
pancreatic,targeted_therapy,IV,1690.0,41.0,industry,0
lung,immunotherapy,I,60.0,13.0,government,0
prostate,hormone_therapy,III,1339.0,45.0,industry,1
melanoma,hormone_therapy,IV,1046.0,91.0,academic,1
breast,chemotherapy,I,932.0,27.0,industry,0
renal,chemotherapy,II,1749.0,21.0,industry,1
leukemia,hormone_therapy,IV,994.0,96.0,industry,1
renal,combination,III,1153.0,65.0,industry,1
lung,radiation,I,1264.0,65.0,academic,0
melanoma,targeted_therapy,II,1413.0,15.0,industry,1
melanoma,radiation,II,387.0,30.0,industry,1
prostate,targeted_therapy,III,1479.0,36.0,industry,1
ovarian,hormone_therapy,III,937.0,26.0,industry,1
prostate,chemotherapy,IV,1047.0,96.0,academic,1
ovarian,combination,II,263.0,86.0,industry,1
ovarian,chemotherapy,III,921.0,38.0,academic,1
leukemia,radiation,III,185.0,36.0,government,0
prostate,chemotherapy,II,1069.0,119.0,academic,1
breast,hormone_therapy,II,1438.0,111.0,academic,1
colorectal,combination,IV,1517.0,95.0,industry,1
colorectal,radiation,III,1060.0,26.0,industry,0
prostate,combination,II,747.0,41.0,government,1
prostate,targeted_therapy,III,1135.0,70.0,academic,1
renal,chemotherapy,II,502.0,9.0,academic,0
leukemia,combination,III,562.0,73.0,academic,1
prostate,immunotherapy,III,1248.0,95.0,industry,1
renal,chemotherapy,III,1545.0,9.0,industry,0
ovarian,targeted_therapy,IV,950.0,118.0,academic,1
melanoma,combination,III,419.0,14.0,academic,0
melanoma,radiation,II,1250.0,35.0,industry,1
ovarian,targeted_therapy,III,638.0,50.0,government,1
pancreatic,immunotherapy,II,1189.0,9.0,industry,0
renal,combination,II,898.0,74.0,industry,1
renal,hormone_therapy,II,120.0,114.0,government,0
ovarian,chemotherapy,II,899.0,28.0,academic,0
breast,radiation,III,849.0,21.0,industry,1
bladder,hormone_therapy,II,1923.0,27.0,industry,1
lung,combination,III,1284.0,106.0,industry,1
ovarian,combination,III,1966.0,77.0,academic,1
prostate,targeted_therapy,II,778.0,53.0,industry,1
prostate,combination,III,182.0,67.0,academic,1
leukemia,radiation,II,1927.0,102.0,government,0
ovarian,hormone_therapy,II,1216.0,65.0,academic,1
leukemia,radiation,III,521.0,107.0,industry,1
ovarian,immunotherapy,II,566.0,112.0,academic,1
renal,immunotherapy,I,1327.0,85.0,industry,1
lung,chemotherapy,III,1402.0,10.0,industry,0
renal,chemotherapy,III,400.0,85.0,industry,1
bladder,immunotherapy,II,889.0,12.0,industry,1
melanoma,combination,IV,924.0,56.0,government,1
colorectal,radiation,III,1954.0,70.0,industry,1
ovarian,immunotherapy,III,1576.0,14.0,industry,1
bladder,chemotherapy,I,1863.0,87.0,government,0
melanoma,immunotherapy,III,1206.0,50.0,industry,1
pancreatic,combination,III,1021.0,52.0,academic,0
lung,immunotherapy,III,628.0,72.0,industry,1
leukemia,radiation,III,326.0,29.0,industry,1
leukemia,hormone_therapy,II,1382.0,97.0,government,0
renal,combination,I,74.0,15.0,industry,0
prostate,chemotherapy,II,1002.0,78.0,academic,0
melanoma,radiation,II,352.0,82.0,industry,1
pancreatic,immunotherapy,III,146.0,53.0,industry,1
bladder,immunotherapy,II,1983.0,40.0,industry,1
lung,hormone_therapy,IV,724.0,59.0,industry,1
melanoma,chemotherapy,IV,262.0,92.0,industry,1
pancreatic,chemotherapy,II,1904.0,116.0,academic,0
colorectal,targeted_therapy,II,619.0,86.0,industry,1
ovarian,chemotherapy,III,1891.0,115.0,industry,0
leukemia,hormone_therapy,IV,1452.0,76.0,industry,1
bladder,targeted_therapy,II,522.0,21.0,government,1
leukemia,targeted_therapy,II,1770.0,58.0,government,1
bladder,immunotherapy,III,623.0,45.0,academic,1
renal,immunotherapy,III,322.0,105.0,government,1
prostate,chemotherapy,II,1507.0,25.0,industry,1
bladder,targeted_therapy,III,254.0,93.0,industry,1
leukemia,immunotherapy,I,1739.0,116.0,academic,0
renal,hormone_therapy,I,1081.0,74.0,academic,0
bladder,immunotherapy,II,158.0,50.0,industry,1
colorectal,combination,II,214.0,11.0,industry,1
prostate,combination,II,1570.0,97.0,government,1
bladder,immunotherapy,II,1812.0,74.0,academic,0
renal,targeted_therapy,II,666.0,54.0,industry,1
melanoma,targeted_therapy,II,20.0,44.0,academic,1
breast,radiation,II,580.0,107.0,industry,1
pancreatic,combination,IV,1139.0,7.0,industry,0
breast,hormone_therapy,II,732.0,112.0,industry,1
breast,targeted_therapy,II,432.0,44.0,industry,1
lung,chemotherapy,III,557.0,26.0,industry,0
colorectal,combination,IV,1898.0,45.0,academic,1
melanoma,hormone_therapy,II,448.0,106.0,industry,0
ovarian,hormone_therapy,III,254.0,87.0,academic,1
bladder,targeted_therapy,III,368.0,59.0,industry,1
pancreatic,hormone_therapy,III,1799.0,117.0,industry,1
prostate,targeted_therapy,I,1913.0,115.0,government,1
melanoma,immunotherapy,III,1524.0,17.0,academic,1
leukemia,combination,I,1882.0,86.0,government,0
ovarian,radiation,III,415.0,42.0,government,1
lung,immunotherapy,III,1394.0,115.0,industry,1
lung,combination,II,435.0,43.0,industry,1
melanoma,targeted_therapy,III,1929.0,20.0,government,1
renal,combination,I,935.0,12.0,government,0
breast,targeted_therapy,III,1930.0,83.0,academic,1
leukemia,immunotherapy,II,1094.0,55.0,academic,1
lung,chemotherapy,II,100.0,70.0,academic,1
pancreatic,chemotherapy,I,55.0,107.0,industry,0
lung,combination,IV,1110.0,72.0,academic,1
prostate,chemotherapy,I,660.0,106.0,academic,0
bladder,targeted_therapy,II,901.0,49.0,academic,1
lung,hormone_therapy,II,1710.0,36.0,industry,0
prostate,targeted_therapy,III,776.0,48.0,industry,1
melanoma,hormone_therapy,III,642.0,82.0,industry,1
melanoma,immunotherapy,I,1723.0,53.0,industry,0
ovarian,radiation,II,1524.0,87.0,government,0
lung,hormone_therapy,II,487.0,86.0,industry,1
pancreatic,chemotherapy,II,1185.0,86.0,industry,0
lung,targeted_therapy,II,375.0,66.0,industry,1
pancreatic,immunotherapy,III,728.0,80.0,academic,0
colorectal,chemotherapy,II,1514.0,89.0,industry,0
ovarian,immunotherapy,II,1664.0,15.0,industry,1
colorectal,radiation,II,1039.0,34.0,industry,1
lung,targeted_therapy,IV,1931.0,53.0,industry,1
ovarian,combination,IV,1634.0,103.0,industry,1
colorectal,targeted_therapy,III,921.0,86.0,industry,1
breast,radiation,II,692.0,67.0,government,1
lung,targeted_therapy,I,458.0,111.0,industry,1
colorectal,combination,II,550.0,18.0,industry,0
breast,hormone_therapy,II,146.0,49.0,academic,0
breast,immunotherapy,III,224.0,52.0,industry,1
melanoma,combination,III,48.0,108.0,academic,1
lung,chemotherapy,III,464.0,69.0,industry,0
breast,radiation,III,985.0,96.0,academic,1
melanoma,hormone_therapy,II,1762.0,58.0,academic,1
colorectal,chemotherapy,III,483.0,95.0,government,1
prostate,chemotherapy,II,1323.0,97.0,industry,1
lung,radiation,I,170.0,82.0,industry,0
ovarian,hormone_therapy,III,259.0,81.0,industry,1
pancreatic,chemotherapy,I,285.0,49.0,government,0
pancreatic,chemotherapy,II,1737.0,33.0,government,0
colorectal,hormone_therapy,II,1148.0,7.0,industry,0
renal,targeted_therapy,III,1980.0,106.0,industry,1
renal,chemotherapy,III,1476.0,62.0,industry,1
colorectal,immunotherapy,II,932.0,62.0,industry,1
breast,hormone_therapy,III,516.0,39.0,industry,1
lung,chemotherapy,II,1483.0,92.0,industry,1
pancreatic,radiation,II,1791.0,63.0,academic,0
pancreatic,combination,III,704.0,57.0,government,1
breast,immunotherapy,III,177.0,114.0,government,1
pancreatic,combination,IV,191.0,34.0,industry,1
ovarian,combination,II,513.0,40.0,academic,0
lung,chemotherapy,III,989.0,80.0,government,0
bladder,immunotherapy,III,1354.0,53.0,industry,1
pancreatic,immunotherapy,IV,1446.0,38.0,academic,1
colorectal,targeted_therapy,II,1712.0,80.0,industry,1
ovarian,combination,III,1813.0,78.0,industry,0
pancreatic,immunotherapy,III,695.0,83.0,industry,1
ovarian,targeted_therapy,II,678.0,14.0,industry,1
melanoma,hormone_therapy,II,922.0,108.0,academic,1
bladder,targeted_therapy,II,685.0,53.0,industry,1
leukemia,radiation,III,1506.0,72.0,industry,1
colorectal,chemotherapy,III,386.0,98.0,industry,1
colorectal,hormone_therapy,III,569.0,88.0,government,0
lung,hormone_therapy,III,662.0,41.0,industry,1
ovarian,radiation,III,1913.0,101.0,academic,1
breast,targeted_therapy,I,274.0,76.0,academic,1
colorectal,chemotherapy,II,227.0,97.0,industry,0
ovarian,targeted_therapy,II,469.0,49.0,industry,1
ovarian,immunotherapy,II,114.0,87.0,academic,0
prostate,targeted_therapy,II,1903.0,65.0,industry,1
prostate,hormone_therapy,III,858.0,68.0,industry,1
leukemia,chemotherapy,II,497.0,10.0,academic,0
melanoma,targeted_therapy,II,702.0,92.0,industry,1
leukemia,chemotherapy,II,781.0,91.0,industry,1
pancreatic,chemotherapy,I,209.0,95.0,industry,0
breast,immunotherapy,IV,730.0,111.0,industry,1
pancreatic,immunotherapy,III,1527.0,81.0,academic,1
renal,hormone_therapy,III,1776.0,45.0,academic,1
pancreatic,radiation,I,1579.0,24.0,academic,0
lung,chemotherapy,III,775.0,52.0,academic,1
pancreatic,radiation,III,1466.0,70.0,industry,0
leukemia,hormone_therapy,III,855.0,72.0,industry,1
colorectal,chemotherapy,I,1683.0,96.0,industry,0
colorectal,chemotherapy,III,1648.0,23.0,industry,1
prostate,combination,III,1855.0,55.0,government,1
breast,radiation,III,152.0,35.0,academic,1
breast,targeted_therapy,III,74.0,71.0,industry,1
lung,immunotherapy,II,529.0,10.0,industry,1
leukemia,targeted_therapy,III,689.0,98.0,industry,1
prostate,radiation,I,1584.0,102.0,industry,0
renal,immunotherapy,III,429.0,47.0,industry,1
breast,targeted_therapy,I,1254.0,89.0,industry,1
colorectal,combination,II,1709.0,99.0,government,1
pancreatic,immunotherapy,II,1336.0,111.0,academic,0
pancreatic,chemotherapy,III,1006.0,10.0,industry,0
prostate,targeted_therapy,I,753.0,55.0,industry,1
leukemia,immunotherapy,III,1158.0,90.0,industry,1
leukemia,combination,III,1992.0,63.0,academic,1
melanoma,immunotherapy,II,1713.0,84.0,academic,1
bladder,immunotherapy,I,278.0,89.0,government,0
breast,combination,I,1806.0,13.0,industry,1
leukemia,targeted_therapy,III,1165.0,118.0,academic,1
colorectal,hormone_therapy,III,318.0,36.0,industry,1
prostate,targeted_therapy,II,1818.0,17.0,academic,1
renal,radiation,I,1424.0,26.0,industry,0
melanoma,combination,III,580.0,99.0,industry,1
ovarian,targeted_therapy,III,1932.0,67.0,academic,1
lung,immunotherapy,III,1884.0,96.0,industry,1
renal,combination,III,1544.0,113.0,industry,1
ovarian,chemotherapy,I,316.0,95.0,industry,0
pancreatic,targeted_therapy,I,381.0,38.0,industry,0
lung,combination,I,608.0,31.0,industry,0
breast,targeted_therapy,II,1506.0,95.0,industry,1
colorectal,combination,I,1481.0,105.0,industry,1
lung,immunotherapy,II,146.0,45.0,industry,0
bladder,chemotherapy,II,216.0,70.0,government,0
ovarian,chemotherapy,IV,240.0,64.0,industry,1
breast,radiation,III,1014.0,20.0,industry,1
bladder,combination,III,110.0,119.0,industry,0
pancreatic,targeted_therapy,III,430.0,6.0,government,0
bladder,chemotherapy,I,27.0,16.0,academic,0
melanoma,chemotherapy,III,563.0,60.0,industry,0
melanoma,hormone_therapy,II,487.0,7.0,academic,0
prostate,hormone_therapy,III,339.0,70.0,academic,1
renal,chemotherapy,II,1437.0,100.0,academic,1
renal,combination,IV,288.0,49.0,academic,1
breast,radiation,II,1234.0,21.0,government,0
pancreatic,chemotherapy,II,1904.0,27.0,government,0
leukemia,immunotherapy,IV,1718.0,111.0,academic,1
melanoma,targeted_therapy,I,80.0,23.0,industry,0
breast,radiation,III,1481.0,52.0,academic,1
leukemia,immunotherapy,III,1307.0,86.0,academic,1
renal,radiation,III,816.0,35.0,industry,1
prostate,immunotherapy,IV,1138.0,15.0,government,1
bladder,targeted_therapy,IV,572.0,104.0,industry,1
melanoma,targeted_therapy,I,945.0,63.0,industry,0
breast,hormone_therapy,III,1513.0,67.0,government,1
lung,combination,III,680.0,90.0,industry,1
leukemia,immunotherapy,III,735.0,85.0,industry,1
bladder,hormone_therapy,I,798.0,11.0,industry,0
melanoma,immunotherapy,III,1557.0,72.0,industry,1
renal,hormone_therapy,IV,1733.0,46.0,industry,1
pancreatic,targeted_therapy,IV,1980.0,48.0,industry,1
leukemia,radiation,II,213.0,90.0,industry,1
renal,hormone_therapy,I,501.0,82.0,government,0
melanoma,immunotherapy,II,1942.0,23.0,government,0
leukemia,immunotherapy,III,1379.0,63.0,industry,1
bladder,combination,III,1478.0,65.0,academic,1
melanoma,targeted_therapy,II,1239.0,93.0,industry,1
ovarian,immunotherapy,I,874.0,32.0,industry,1
breast,chemotherapy,II,1292.0,73.0,industry,1
bladder,radiation,II,517.0,27.0,government,1
leukemia,hormone_therapy,IV,231.0,29.0,government,1
pancreatic,combination,III,684.0,45.0,industry,1
renal,radiation,II,689.0,114.0,industry,0
lung,targeted_therapy,III,1509.0,79.0,industry,1
renal,combination,I,1917.0,71.0,industry,0
leukemia,hormone_therapy,IV,1694.0,45.0,academic,1
renal,hormone_therapy,II,240.0,11.0,industry,0
breast,chemotherapy,II,292.0,117.0,academic,0
melanoma,targeted_therapy,II,1197.0,23.0,industry,0
lung,combination,III,1292.0,86.0,government,0
colorectal,combination,III,298.0,107.0,academic,1
leukemia,immunotherapy,III,1483.0,114.0,industry,1
prostate,chemotherapy,II,1991.0,92.0,academic,1
colorectal,chemotherapy,II,835.0,115.0,academic,0
renal,combination,I,295.0,35.0,industry,1
leukemia,combination,III,1024.0,26.0,industry,1
ovarian,radiation,I,533.0,67.0,government,0
prostate,radiation,III,1131.0,15.0,industry,0
lung,radiation,III,1842.0,112.0,industry,0
pancreatic,chemotherapy,III,942.0,18.0,industry,0
ovarian,immunotherapy,II,661.0,81.0,academic,1
colorectal,hormone_therapy,II,524.0,14.0,academic,0
melanoma,radiation,I,609.0,73.0,government,0
breast,immunotherapy,III,791.0,44.0,industry,1
pancreatic,targeted_therapy,III,1284.0,29.0,industry,0
ovarian,radiation,II,1696.0,39.0,academic,0
melanoma,hormone_therapy,II,759.0,108.0,academic,0
melanoma,targeted_therapy,III,694.0,66.0,industry,1
leukemia,targeted_therapy,III,1279.0,46.0,industry,1
ovarian,hormone_therapy,II,1033.0,10.0,industry,0
lung,radiation,III,147.0,84.0,academic,0
renal,chemotherapy,II,522.0,55.0,government,0
prostate,hormone_therapy,I,1243.0,9.0,academic,0
prostate,hormone_therapy,IV,921.0,56.0,government,1
colorectal,hormone_therapy,III,562.0,57.0,industry,1
colorectal,targeted_therapy,III,1545.0,44.0,government,1
prostate,immunotherapy,I,1693.0,13.0,academic,0
lung,chemotherapy,III,511.0,118.0,industry,0
breast,radiation,II,1064.0,50.0,government,0
bladder,radiation,II,1277.0,93.0,industry,1
renal,immunotherapy,III,733.0,33.0,government,1
breast,hormone_therapy,I,810.0,112.0,government,0
leukemia,chemotherapy,III,1686.0,32.0,academic,1
bladder,radiation,III,435.0,70.0,academic,1
bladder,combination,II,167.0,39.0,industry,1
ovarian,radiation,II,989.0,86.0,industry,0
lung,hormone_therapy,II,48.0,106.0,industry,0
lung,combination,I,1404.0,67.0,academic,0
bladder,immunotherapy,III,327.0,67.0,academic,1
ovarian,chemotherapy,III,1926.0,43.0,government,1
renal,immunotherapy,I,1985.0,31.0,industry,0
bladder,immunotherapy,I,181.0,29.0,academic,0
pancreatic,chemotherapy,III,888.0,44.0,government,0
colorectal,chemotherapy,III,871.0,26.0,academic,1
colorectal,radiation,II,80.0,99.0,industry,0
breast,radiation,II,144.0,52.0,industry,1
leukemia,chemotherapy,III,1499.0,53.0,industry,0
colorectal,combination,II,1114.0,18.0,academic,0
melanoma,targeted_therapy,I,857.0,106.0,academic,0
breast,radiation,III,1950.0,8.0,government,1
colorectal,targeted_therapy,III,1919.0,37.0,industry,1
leukemia,combination,III,485.0,40.0,industry,1
lung,chemotherapy,III,262.0,24.0,academic,0
lung,combination,III,1533.0,19.0,academic,1
renal,radiation,II,1804.0,53.0,government,0
bladder,immunotherapy,II,1264.0,91.0,academic,0
pancreatic,chemotherapy,I,492.0,86.0,industry,0
lung,hormone_therapy,I,978.0,73.0,academic,0
ovarian,targeted_therapy,III,552.0,50.0,government,1
colorectal,combination,III,513.0,109.0,industry,1
ovarian,chemotherapy,IV,918.0,24.0,industry,0
leukemia,combination,III,101.0,69.0,industry,1
lung,chemotherapy,II,875.0,106.0,industry,0
pancreatic,radiation,I,898.0,71.0,academic,0
leukemia,radiation,III,1565.0,84.0,industry,1
melanoma,radiation,III,942.0,71.0,industry,1
melanoma,combination,III,31.0,80.0,industry,1
ovarian,hormone_therapy,III,1306.0,50.0,academic,1
bladder,radiation,III,1700.0,92.0,industry,1
breast,chemotherapy,III,468.0,79.0,academic,1
bladder,radiation,I,1235.0,72.0,industry,0
renal,immunotherapy,III,781.0,74.0,industry,1
bladder,radiation,III,1157.0,8.0,industry,1
renal,combination,II,45.0,43.0,industry,0
renal,hormone_therapy,III,1826.0,82.0,industry,1
pancreatic,immunotherapy,II,1542.0,47.0,industry,1
lung,combination,IV,527.0,88.0,government,0
pancreatic,combination,I,1588.0,45.0,academic,0
renal,combination,III,81.0,55.0,industry,1
leukemia,chemotherapy,II,248.0,40.0,industry,1
melanoma,combination,III,1858.0,29.0,government,1
renal,chemotherapy,II,626.0,93.0,academic,0
pancreatic,combination,II,1078.0,22.0,industry,0
leukemia,targeted_therapy,II,1748.0,45.0,academic,1
pancreatic,immunotherapy,IV,1499.0,79.0,academic,0
bladder,targeted_therapy,II,1631.0,71.0,academic,1
colorectal,combination,I,910.0,49.0,industry,0
ovarian,immunotherapy,III,1545.0,28.0,industry,1
breast,immunotherapy,III,780.0,11.0,industry,1
pancreatic,hormone_therapy,IV,614.0,71.0,government,1
breast,targeted_therapy,I,1068.0,26.0,academic,1
prostate,hormone_therapy,III,1612.0,40.0,industry,1
pancreatic,immunotherapy,II,1075.0,118.0,government,0
colorectal,chemotherapy,II,1874.0,34.0,government,1
breast,immunotherapy,III,1055.0,12.0,government,1
renal,hormone_therapy,III,1362.0,98.0,government,1
pancreatic,targeted_therapy,III,1888.0,58.0,government,1
lung,combination,II,1647.0,42.0,industry,1
ovarian,combination,II,20.0,28.0,academic,0
colorectal,targeted_therapy,II,1478.0,102.0,academic,1
breast,combination,IV,1881.0,13.0,industry,1
colorectal,combination,II,1179.0,81.0,industry,0
leukemia,hormone_therapy,II,1239.0,115.0,government,1
ovarian,targeted_therapy,II,152.0,53.0,industry,1
renal,radiation,III,105.0,15.0,government,0
pancreatic,chemotherapy,II,1519.0,84.0,industry,0
pancreatic,chemotherapy,IV,1850.0,29.0,industry,0
pancreatic,combination,II,1834.0,95.0,industry,0
ovarian,chemotherapy,III,1367.0,52.0,industry,1
lung,targeted_therapy,I,1223.0,111.0,academic,1
prostate,targeted_therapy,III,535.0,58.0,academic,1
melanoma,immunotherapy,IV,1681.0,44.0,industry,1
bladder,immunotherapy,II,194.0,72.0,industry,1
breast,chemotherapy,IV,782.0,71.0,industry,1
lung,radiation,II,1064.0,11.0,industry,1
renal,immunotherapy,IV,1016.0,26.0,academic,1
breast,immunotherapy,III,1995.0,78.0,industry,1
pancreatic,targeted_therapy,II,1148.0,79.0,industry,1
colorectal,radiation,II,597.0,41.0,industry,0
renal,combination,II,1486.0,8.0,industry,0
breast,chemotherapy,I,1818.0,110.0,industry,1
pancreatic,immunotherapy,I,68.0,93.0,industry,0
breast,radiation,I,547.0,91.0,government,0
colorectal,radiation,II,164.0,118.0,government,1
pancreatic,chemotherapy,III,1383.0,83.0,academic,1
prostate,radiation,I,781.0,47.0,industry,1
lung,radiation,I,1898.0,50.0,industry,0
leukemia,radiation,III,1397.0,49.0,industry,1
bladder,immunotherapy,II,1118.0,96.0,academic,1
ovarian,chemotherapy,I,1845.0,38.0,government,0
bladder,radiation,II,948.0,65.0,industry,1
renal,radiation,IV,813.0,91.0,industry,1
bladder,immunotherapy,III,1621.0,98.0,academic,1
pancreatic,chemotherapy,II,1680.0,88.0,academic,0
prostate,targeted_therapy,III,338.0,88.0,academic,1
leukemia,immunotherapy,III,1130.0,75.0,academic,1
lung,chemotherapy,III,1596.0,114.0,government,0
lung,radiation,III,717.0,88.0,industry,1
colorectal,chemotherapy,III,1909.0,82.0,government,0
ovarian,chemotherapy,II,1935.0,31.0,government,0
breast,combination,I,866.0,91.0,academic,1
prostate,chemotherapy,II,1821.0,26.0,industry,1
breast,targeted_therapy,III,802.0,105.0,industry,1
leukemia,chemotherapy,III,61.0,7.0,industry,1
bladder,targeted_therapy,III,1136.0,52.0,industry,1
lung,radiation,IV,1740.0,113.0,government,0
leukemia,targeted_therapy,II,1770.0,35.0,industry,1
bladder,radiation,III,1550.0,32.0,industry,1
lung,radiation,III,548.0,76.0,academic,1
bladder,targeted_therapy,IV,1999.0,25.0,industry,1
ovarian,immunotherapy,IV,1308.0,55.0,industry,1
prostate,hormone_therapy,III,1669.0,100.0,industry,1
renal,chemotherapy,II,311.0,28.0,academic,1
leukemia,combination,III,988.0,18.0,industry,1
leukemia,hormone_therapy,I,1507.0,86.0,government,0
melanoma,chemotherapy,III,1847.0,9.0,industry,1
pancreatic,chemotherapy,IV,1603.0,19.0,government,0
ovarian,radiation,II,1862.0,25.0,industry,0
ovarian,chemotherapy,III,116.0,18.0,industry,1
breast,combination,II,1930.0,8.0,industry,1
bladder,chemotherapy,II,1138.0,95.0,industry,1
pancreatic,targeted_therapy,II,1369.0,95.0,industry,1
prostate,hormone_therapy,III,93.0,87.0,industry,1
prostate,targeted_therapy,IV,1379.0,101.0,industry,1
ovarian,combination,IV,1111.0,83.0,academic,1
prostate,chemotherapy,II,777.0,52.0,industry,1
melanoma,combination,III,1961.0,8.0,industry,1
leukemia,radiation,III,1120.0,6.0,academic,1
colorectal,targeted_therapy,II,227.0,95.0,government,0
renal,targeted_therapy,I,1927.0,29.0,industry,1
breast,immunotherapy,II,1809.0,118.0,industry,1
bladder,chemotherapy,IV,1264.0,40.0,government,0
renal,radiation,III,1305.0,19.0,industry,1
bladder,targeted_therapy,III,429.0,72.0,government,1
lung,targeted_therapy,II,350.0,18.0,industry,0
renal,radiation,III,363.0,52.0,government,1
colorectal,combination,I,1008.0,55.0,industry,1
ovarian,combination,II,790.0,83.0,government,0
melanoma,chemotherapy,III,1863.0,90.0,industry,1
leukemia,immunotherapy,I,93.0,31.0,academic,0
leukemia,targeted_therapy,III,1680.0,8.0,industry,1
melanoma,immunotherapy,II,1743.0,56.0,industry,1
pancreatic,combination,III,273.0,45.0,academic,0
lung,combination,II,978.0,73.0,industry,0
bladder,hormone_therapy,III,1876.0,41.0,government,1
colorectal,chemotherapy,I,839.0,56.0,industry,0
prostate,hormone_therapy,I,1790.0,112.0,government,0
renal,hormone_therapy,IV,1005.0,6.0,industry,1
lung,hormone_therapy,II,1805.0,109.0,government,1
renal,chemotherapy,III,351.0,116.0,government,0
colorectal,chemotherapy,IV,1441.0,38.0,industry,1
breast,radiation,II,1388.0,12.0,government,1
breast,immunotherapy,II,1627.0,57.0,academic,1
lung,immunotherapy,III,766.0,16.0,industry,1
ovarian,radiation,IV,855.0,32.0,academic,0
colorectal,radiation,IV,1711.0,19.0,industry,0
colorectal,combination,III,474.0,91.0,academic,1
melanoma,hormone_therapy,III,1949.0,85.0,industry,1
ovarian,radiation,I,1158.0,51.0,industry,0
bladder,targeted_therapy,IV,332.0,81.0,industry,1
bladder,immunotherapy,IV,1037.0,118.0,academic,1
prostate,radiation,II,247.0,115.0,government,0
leukemia,targeted_therapy,II,853.0,15.0,government,1
breast,targeted_therapy,I,877.0,29.0,industry,1
bladder,targeted_therapy,II,1288.0,66.0,industry,1
ovarian,combination,III,837.0,115.0,academic,1
colorectal,combination,II,1569.0,23.0,academic,1
bladder,targeted_therapy,I,1037.0,91.0,industry,1
colorectal,combination,II,547.0,14.0,industry,1
bladder,hormone_therapy,IV,969.0,22.0,industry,1
breast,targeted_therapy,III,446.0,107.0,industry,1
renal,hormone_therapy,II,61.0,109.0,academic,0
bladder,hormone_therapy,II,484.0,63.0,industry,1
ovarian,targeted_therapy,IV,1665.0,18.0,government,1
bladder,immunotherapy,III,297.0,55.0,industry,1
leukemia,targeted_therapy,II,855.0,106.0,industry,1
breast,targeted_therapy,I,38.0,11.0,government,0
ovarian,combination,I,85.0,90.0,academic,0
melanoma,targeted_therapy,I,186.0,56.0,industry,0
ovarian,immunotherapy,III,1628.0,41.0,academic,0
leukemia,combination,IV,1039.0,76.0,industry,1
renal,chemotherapy,II,422.0,105.0,academic,0
breast,chemotherapy,III,1955.0,30.0,industry,1
melanoma,hormone_therapy,II,1865.0,16.0,academic,0
leukemia,hormone_therapy,III,428.0,49.0,industry,1
leukemia,immunotherapy,III,131.0,19.0,industry,1
lung,radiation,II,1317.0,114.0,government,0
breast,chemotherapy,II,1450.0,34.0,academic,1
ovarian,hormone_therapy,III,1416.0,79.0,industry,1
colorectal,chemotherapy,I,616.0,55.0,industry,0
renal,immunotherapy,II,670.0,117.0,industry,1
colorectal,immunotherapy,III,1082.0,10.0,academic,1
ovarian,radiation,IV,124.0,77.0,academic,0
ovarian,radiation,II,343.0,115.0,academic,0
breast,combination,III,1836.0,74.0,industry,1
ovarian,immunotherapy,II,1011.0,93.0,academic,1
lung,hormone_therapy,III,1457.0,109.0,industry,1
melanoma,chemotherapy,III,448.0,62.0,industry,1
ovarian,targeted_therapy,III,654.0,31.0,academic,1
colorectal,radiation,II,749.0,11.0,government,0
ovarian,targeted_therapy,III,908.0,21.0,academic,1
lung,hormone_therapy,III,1104.0,65.0,academic,1
bladder,radiation,II,1655.0,105.0,academic,0
bladder,targeted_therapy,I,1350.0,17.0,government,0
leukemia,hormone_therapy,I,1397.0,80.0,industry,1
renal,chemotherapy,I,412.0,8.0,industry,0
prostate,hormone_therapy,III,223.0,68.0,government,1
melanoma,combination,II,277.0,113.0,government,0
pancreatic,radiation,II,505.0,69.0,industry,0
leukemia,immunotherapy,III,1560.0,67.0,industry,1
renal,chemotherapy,II,465.0,106.0,industry,1
bladder,targeted_therapy,III,1752.0,11.0,industry,1
colorectal,radiation,II,1223.0,24.0,government,0
pancreatic,immunotherapy,IV,1043.0,23.0,industry,1
renal,hormone_therapy,III,361.0,85.0,government,0
renal,immunotherapy,III,152.0,92.0,industry,1
leukemia,radiation,II,462.0,48.0,industry,1
pancreatic,radiation,III,1879.0,106.0,industry,0
breast,combination,I,272.0,78.0,academic,1
prostate,combination,I,284.0,8.0,academic,1
breast,immunotherapy,I,112.0,77.0,academic,0
pancreatic,hormone_therapy,III,1705.0,43.0,industry,1
breast,immunotherapy,II,1454.0,73.0,industry,1
lung,radiation,III,157.0,81.0,industry,0
bladder,radiation,I,1251.0,49.0,industry,0
lung,targeted_therapy,II,1021.0,100.0,academic,1
ovarian,combination,III,1680.0,94.0,academic,1
breast,targeted_therapy,II,1789.0,85.0,academic,1
ovarian,chemotherapy,III,1616.0,68.0,industry,1
colorectal,radiation,II,326.0,47.0,industry,0
melanoma,targeted_therapy,III,285.0,69.0,industry,1
colorectal,immunotherapy,III,665.0,59.0,industry,1
pancreatic,combination,II,337.0,83.0,academic,0
renal,combination,II,1156.0,82.0,academic,1
bladder,hormone_therapy,III,920.0,110.0,industry,1
breast,immunotherapy,III,1421.0,76.0,industry,1
leukemia,hormone_therapy,II,473.0,81.0,government,1
melanoma,targeted_therapy,II,210.0,42.0,academic,0
prostate,chemotherapy,III,1934.0,119.0,academic,1
prostate,immunotherapy,III,1483.0,9.0,industry,1
prostate,immunotherapy,II,1230.0,7.0,industry,1
breast,immunotherapy,II,850.0,104.0,government,1
prostate,hormone_therapy,II,1410.0,49.0,academic,1
lung,targeted_therapy,III,1132.0,72.0,industry,1
melanoma,immunotherapy,II,206.0,73.0,academic,0
lung,immunotherapy,IV,838.0,107.0,academic,0
renal,combination,II,1989.0,81.0,industry,1
melanoma,chemotherapy,II,1040.0,88.0,industry,1
lung,combination,III,151.0,79.0,industry,1
melanoma,combination,IV,891.0,67.0,industry,1
renal,chemotherapy,III,654.0,6.0,academic,1
ovarian,targeted_therapy,II,1603.0,22.0,industry,1
breast,combination,III,1843.0,21.0,academic,1
breast,targeted_therapy,III,1419.0,14.0,government,1
prostate,combination,II,710.0,58.0,industry,1
colorectal,radiation,II,711.0,78.0,industry,1
prostate,chemotherapy,II,1142.0,64.0,academic,0
pancreatic,combination,II,1885.0,14.0,academic,1
lung,radiation,IV,1077.0,17.0,academic,0
melanoma,hormone_therapy,II,1975.0,46.0,industry,0
colorectal,radiation,IV,601.0,20.0,industry,0
renal,immunotherapy,III,190.0,71.0,academic,1
pancreatic,combination,III,1409.0,80.0,government,1
renal,radiation,III,803.0,16.0,industry,0
breast,targeted_therapy,I,1102.0,13.0,government,1
breast,hormone_therapy,II,200.0,60.0,industry,0
prostate,combination,I,38.0,101.0,government,0
lung,immunotherapy,III,1269.0,11.0,academic,1
colorectal,radiation,II,1516.0,58.0,industry,0
bladder,hormone_therapy,III,1138.0,25.0,academic,0
pancreatic,combination,II,900.0,44.0,industry,0
pancreatic,hormone_therapy,II,1340.0,104.0,industry,0
prostate,immunotherapy,II,1636.0,77.0,industry,1
breast,radiation,IV,194.0,119.0,industry,0
prostate,hormone_therapy,III,1265.0,118.0,industry,1
melanoma,hormone_therapy,II,1658.0,112.0,academic,0
colorectal,chemotherapy,III,73.0,39.0,academic,1
lung,hormone_therapy,I,714.0,62.0,industry,0
ovarian,chemotherapy,IV,882.0,24.0,government,0
leukemia,radiation,III,1446.0,76.0,academic,1
leukemia,combination,II,1361.0,36.0,government,1
prostate,combination,III,1910.0,87.0,academic,1
melanoma,radiation,I,368.0,45.0,industry,0
colorectal,radiation,IV,462.0,19.0,industry,1
bladder,targeted_therapy,II,852.0,108.0,academic,0
leukemia,radiation,III,599.0,105.0,industry,1
colorectal,hormone_therapy,II,1583.0,86.0,industry,1
lung,combination,III,1829.0,42.0,industry,1
renal,immunotherapy,III,301.0,49.0,industry,1
melanoma,combination,III,379.0,14.0,industry,1
breast,chemotherapy,III,934.0,63.0,industry,1
colorectal,combination,III,842.0,25.0,industry,1
lung,targeted_therapy,I,1674.0,114.0,academic,0
bladder,radiation,II,911.0,97.0,academic,0
ovarian,radiation,II,972.0,55.0,industry,0
breast,combination,IV,1689.0,25.0,industry,1
ovarian,immunotherapy,II,660.0,110.0,industry,0
bladder,immunotherapy,III,1051.0,41.0,industry,1
lung,targeted_therapy,III,582.0,32.0,industry,1
leukemia,chemotherapy,II,510.0,77.0,industry,1
ovarian,combination,II,360.0,37.0,academic,1
breast,radiation,II,491.0,6.0,industry,0
prostate,combination,II,1836.0,22.0,industry,1
pancreatic,targeted_therapy,II,1730.0,14.0,industry,0
colorectal,hormone_therapy,I,1738.0,89.0,academic,0
leukemia,hormone_therapy,III,1747.0,50.0,government,1
ovarian,targeted_therapy,IV,268.0,101.0,academic,1
renal,radiation,II,254.0,71.0,academic,1
colorectal,targeted_therapy,II,1126.0,37.0,industry,1
prostate,radiation,I,1136.0,50.0,industry,0
bladder,immunotherapy,III,1928.0,14.0,government,1
pancreatic,targeted_therapy,III,1437.0,35.0,industry,1
lung,radiation,I,843.0,89.0,government,0
prostate,targeted_therapy,II,1311.0,43.0,academic,1
prostate,targeted_therapy,III,1460.0,65.0,academic,1
bladder,radiation,III,651.0,6.0,industry,1
melanoma,radiation,I,1626.0,10.0,academic,0
bladder,chemotherapy,III,548.0,68.0,industry,1
melanoma,targeted_therapy,II,1296.0,104.0,industry,1
melanoma,hormone_therapy,II,141.0,41.0,industry,0
leukemia,targeted_therapy,III,911.0,70.0,government,1
leukemia,targeted_therapy,III,29.0,83.0,industry,1
breast,radiation,II,1842.0,78.0,industry,1
ovarian,targeted_therapy,IV,1359.0,99.0,industry,1
ovarian,combination,II,857.0,29.0,academic,0
lung,targeted_therapy,III,1316.0,9.0,academic,1
ovarian,combination,II,1349.0,119.0,academic,1
leukemia,hormone_therapy,III,1848.0,83.0,industry,1
breast,radiation,IV,1253.0,94.0,industry,1
breast,targeted_therapy,I,1773.0,73.0,academic,1
melanoma,combination,IV,772.0,30.0,industry,1
bladder,combination,III,905.0,79.0,government,0
lung,combination,III,483.0,104.0,academic,0
melanoma,immunotherapy,II,731.0,12.0,industry,1
bladder,chemotherapy,III,747.0,111.0,industry,1
ovarian,hormone_therapy,III,736.0,18.0,academic,0
melanoma,targeted_therapy,II,1968.0,73.0,industry,1
colorectal,immunotherapy,IV,1459.0,119.0,industry,1
ovarian,targeted_therapy,I,1259.0,48.0,academic,1
bladder,targeted_therapy,I,99.0,62.0,industry,0
lung,radiation,III,1822.0,41.0,academic,0
bladder,radiation,III,499.0,19.0,industry,1
melanoma,radiation,III,921.0,87.0,academic,1
melanoma,immunotherapy,I,910.0,77.0,industry,1
prostate,targeted_therapy,IV,1590.0,101.0,industry,1
lung,chemotherapy,I,1844.0,32.0,government,0
renal,hormone_therapy,I,37.0,111.0,academic,0
ovarian,radiation,I,1208.0,42.0,industry,0
breast,radiation,III,1568.0,92.0,industry,1
lung,targeted_therapy,IV,221.0,76.0,academic,0
breast,targeted_therapy,III,760.0,81.0,industry,1
lung,immunotherapy,III,1389.0,30.0,government,1
lung,immunotherapy,I,1409.0,72.0,government,0
bladder,radiation,III,1491.0,95.0,academic,0
lung,targeted_therapy,II,1556.0,9.0,industry,0
prostate,chemotherapy,II,338.0,111.0,industry,1
renal,hormone_therapy,I,236.0,105.0,academic,0
melanoma,targeted_therapy,III,1077.0,84.0,industry,1
pancreatic,targeted_therapy,III,1914.0,101.0,industry,1
breast,combination,III,285.0,98.0,industry,1
melanoma,immunotherapy,II,1683.0,79.0,industry,1
pancreatic,hormone_therapy,I,743.0,90.0,industry,0
renal,radiation,III,794.0,21.0,industry,1
renal,targeted_therapy,II,1867.0,116.0,academic,1
breast,radiation,III,1123.0,24.0,industry,1
breast,targeted_therapy,III,1720.0,34.0,industry,1
renal,radiation,II,432.0,56.0,industry,1
pancreatic,hormone_therapy,IV,1295.0,23.0,academic,0
lung,immunotherapy,III,1055.0,63.0,industry,1
ovarian,hormone_therapy,I,420.0,49.0,academic,0
colorectal,combination,III,1859.0,21.0,government,0
melanoma,chemotherapy,II,743.0,70.0,industry,0
bladder,immunotherapy,III,301.0,117.0,industry,1
melanoma,hormone_therapy,III,1155.0,7.0,industry,1
bladder,combination,IV,742.0,61.0,government,1
pancreatic,chemotherapy,III,1421.0,84.0,academic,0
bladder,combination,II,770.0,108.0,government,0
breast,targeted_therapy,III,287.0,33.0,industry,1
ovarian,targeted_therapy,I,1960.0,70.0,government,0
ovarian,radiation,III,317.0,10.0,industry,0
breast,immunotherapy,III,1360.0,111.0,industry,1
prostate,targeted_therapy,I,589.0,27.0,government,1
pancreatic,combination,II,528.0,105.0,government,0
prostate,immunotherapy,III,1993.0,115.0,industry,1
prostate,targeted_therapy,III,565.0,18.0,industry,1
melanoma,radiation,I,794.0,70.0,industry,0
renal,hormone_therapy,I,384.0,21.0,industry,1
melanoma,radiation,II,566.0,110.0,industry,0
renal,chemotherapy,III,290.0,91.0,government,0
colorectal,targeted_therapy,I,1517.0,69.0,academic,0
bladder,chemotherapy,III,758.0,37.0,academic,1
renal,chemotherapy,I,556.0,85.0,academic,0
breast,combination,III,1277.0,56.0,industry,1
melanoma,immunotherapy,II,78.0,84.0,academic,0
pancreatic,combination,III,1294.0,63.0,academic,1
bladder,targeted_therapy,II,1890.0,51.0,industry,1
colorectal,chemotherapy,III,105.0,57.0,academic,1
renal,hormone_therapy,II,782.0,111.0,industry,1
colorectal,chemotherapy,III,409.0,68.0,academic,0
pancreatic,hormone_therapy,III,1223.0,81.0,government,0
prostate,combination,I,738.0,65.0,industry,1
ovarian,combination,III,875.0,70.0,academic,1
pancreatic,immunotherapy,III,168.0,86.0,industry,1
leukemia,chemotherapy,I,602.0,110.0,academic,0
pancreatic,radiation,II,140.0,60.0,industry,0
colorectal,combination,II,784.0,62.0,industry,1
breast,combination,III,624.0,119.0,industry,1
melanoma,immunotherapy,III,275.0,97.0,academic,1
breast,hormone_therapy,I,785.0,76.0,industry,1
colorectal,immunotherapy,III,883.0,78.0,government,0
melanoma,chemotherapy,III,819.0,91.0,industry,1
leukemia,targeted_therapy,IV,1352.0,31.0,government,1
ovarian,targeted_therapy,III,78.0,17.0,academic,0
bladder,hormone_therapy,IV,1041.0,76.0,industry,1
colorectal,combination,III,1112.0,51.0,industry,1
renal,hormone_therapy,II,1489.0,52.0,academic,1
colorectal,combination,III,407.0,84.0,academic,1
colorectal,combination,II,1129.0,43.0,academic,1
melanoma,targeted_therapy,II,805.0,26.0,industry,1
lung,hormone_therapy,II,1270.0,19.0,industry,1
pancreatic,immunotherapy,III,612.0,7.0,government,0
lung,combination,III,1669.0,77.0,industry,1
leukemia,radiation,II,1227.0,114.0,industry,1
renal,radiation,II,1835.0,75.0,industry,1
ovarian,immunotherapy,II,1365.0,106.0,academic,1
prostate,radiation,III,928.0,106.0,academic,1
leukemia,chemotherapy,II,1361.0,38.0,industry,0
prostate,combination,III,585.0,110.0,industry,1
prostate,immunotherapy,II,418.0,11.0,industry,1
ovarian,hormone_therapy,II,1752.0,95.0,industry,1
breast,combination,I,918.0,108.0,industry,1
lung,immunotherapy,II,1336.0,110.0,government,0
colorectal,targeted_therapy,IV,312.0,42.0,industry,1
bladder,hormone_therapy,II,504.0,19.0,industry,1
prostate,targeted_therapy,II,1942.0,42.0,government,1
renal,combination,II,1490.0,13.0,industry,1
leukemia,hormone_therapy,II,822.0,108.0,academic,1
breast,radiation,I,1735.0,82.0,industry,0
prostate,immunotherapy,II,1935.0,18.0,industry,1
breast,combination,III,1455.0,45.0,government,1
breast,chemotherapy,III,1551.0,112.0,academic,1
prostate,hormone_therapy,II,1777.0,97.0,industry,1
melanoma,hormone_therapy,II,1829.0,63.0,academic,0
pancreatic,combination,IV,909.0,23.0,government,0
renal,combination,II,263.0,62.0,industry,1
colorectal,targeted_therapy,II,1463.0,88.0,industry,1
colorectal,radiation,II,1972.0,43.0,government,0
renal,targeted_therapy,II,979.0,37.0,industry,1
melanoma,targeted_therapy,III,1197.0,91.0,academic,1
colorectal,radiation,II,835.0,71.0,academic,0
breast,chemotherapy,III,1467.0,82.0,academic,1
ovarian,targeted_therapy,I,292.0,92.0,industry,0
leukemia,targeted_therapy,II,1979.0,30.0,industry,1
lung,hormone_therapy,III,1690.0,97.0,academic,1
colorectal,radiation,II,1868.0,63.0,industry,0
renal,immunotherapy,III,539.0,80.0,industry,1
ovarian,chemotherapy,II,1171.0,38.0,industry,1
prostate,chemotherapy,III,1416.0,93.0,industry,1
pancreatic,radiation,I,587.0,71.0,government,0
renal,combination,III,657.0,35.0,industry,1
breast,combination,II,178.0,86.0,government,1
pancreatic,hormone_therapy,III,1614.0,109.0,industry,1
leukemia,hormone_therapy,II,1613.0,39.0,academic,1
leukemia,radiation,III,671.0,107.0,industry,0
melanoma,hormone_therapy,II,195.0,91.0,academic,0
bladder,chemotherapy,IV,1970.0,74.0,academic,0
melanoma,chemotherapy,I,639.0,53.0,industry,1
ovarian,immunotherapy,II,230.0,45.0,government,0
pancreatic,combination,II,466.0,56.0,industry,0
bladder,radiation,I,605.0,85.0,academic,0
prostate,targeted_therapy,II,186.0,18.0,government,1
breast,combination,IV,479.0,95.0,government,1
pancreatic,targeted_therapy,IV,935.0,36.0,government,1
melanoma,immunotherapy,II,1400.0,44.0,industry,1
lung,immunotherapy,IV,1347.0,68.0,industry,1
bladder,hormone_therapy,III,1276.0,53.0,industry,1
bladder,immunotherapy,II,1370.0,92.0,industry,1
breast,immunotherapy,III,1927.0,53.0,academic,1
colorectal,targeted_therapy,III,1225.0,66.0,industry,1
leukemia,hormone_therapy,IV,1677.0,17.0,academic,1
leukemia,immunotherapy,II,1377.0,83.0,industry,1
lung,combination,III,1758.0,61.0,industry,1
ovarian,immunotherapy,I,1072.0,23.0,academic,0
ovarian,hormone_therapy,I,733.0,32.0,industry,1
prostate,radiation,I,1136.0,33.0,academic,0
pancreatic,hormone_therapy,IV,860.0,87.0,industry,0
renal,targeted_therapy,III,887.0,85.0,academic,1
colorectal,radiation,III,707.0,57.0,industry,0
melanoma,combination,III,349.0,21.0,industry,1
renal,chemotherapy,II,1766.0,82.0,academic,0
renal,hormone_therapy,II,1227.0,63.0,government,0
bladder,targeted_therapy,II,114.0,98.0,industry,1
lung,combination,II,804.0,14.0,industry,1
leukemia,radiation,III,668.0,31.0,industry,1
prostate,combination,III,1792.0,33.0,industry,1
ovarian,hormone_therapy,I,372.0,110.0,academic,0
lung,immunotherapy,I,949.0,82.0,academic,0
bladder,hormone_therapy,I,960.0,41.0,industry,0
melanoma,chemotherapy,II,1003.0,14.0,industry,0
prostate,hormone_therapy,IV,1308.0,52.0,academic,1
bladder,radiation,III,1690.0,83.0,industry,1
leukemia,radiation,III,1699.0,56.0,academic,1
leukemia,hormone_therapy,II,1062.0,81.0,industry,1
leukemia,radiation,II,1786.0,62.0,academic,0
lung,immunotherapy,I,665.0,37.0,industry,0
lung,combination,III,645.0,107.0,academic,1
ovarian,hormone_therapy,III,1542.0,72.0,industry,1
ovarian,immunotherapy,II,158.0,62.0,industry,0
melanoma,combination,III,1680.0,59.0,academic,1
prostate,combination,II,735.0,21.0,industry,1
breast,immunotherapy,III,1616.0,67.0,industry,1
breast,targeted_therapy,IV,781.0,89.0,industry,1
bladder,hormone_therapy,III,1853.0,101.0,industry,1
leukemia,combination,III,1568.0,61.0,government,1
prostate,combination,I,1951.0,28.0,academic,1
renal,radiation,I,274.0,22.0,industry,0
lung,combination,II,1128.0,85.0,academic,1
pancreatic,immunotherapy,I,1501.0,43.0,industry,0
colorectal,combination,III,1575.0,77.0,government,1
melanoma,targeted_therapy,III,1605.0,88.0,industry,1
leukemia,hormone_therapy,I,695.0,35.0,academic,0
leukemia,hormone_therapy,III,111.0,63.0,industry,1
leukemia,combination,II,1643.0,103.0,industry,1
lung,chemotherapy,II,1112.0,83.0,industry,1
lung,chemotherapy,II,56.0,27.0,industry,0
colorectal,immunotherapy,II,1808.0,113.0,academic,1
renal,chemotherapy,II,1807.0,22.0,industry,0
prostate,immunotherapy,II,159.0,20.0,government,0
leukemia,radiation,II,886.0,119.0,industry,0
breast,immunotherapy,IV,1936.0,53.0,academic,1
ovarian,chemotherapy,I,699.0,37.0,government,0
breast,combination,I,1609.0,82.0,academic,0
bladder,radiation,I,1941.0,90.0,government,0
breast,chemotherapy,III,1221.0,118.0,academic,1
bladder,immunotherapy,I,1852.0,45.0,industry,1
pancreatic,targeted_therapy,III,1856.0,102.0,academic,1
ovarian,hormone_therapy,III,1914.0,62.0,industry,1
breast,chemotherapy,III,1661.0,63.0,industry,1
pancreatic,immunotherapy,III,156.0,96.0,industry,1
melanoma,radiation,II,209.0,104.0,academic,0
prostate,chemotherapy,II,1683.0,21.0,industry,0
pancreatic,chemotherapy,II,361.0,33.0,industry,0
prostate,hormone_therapy,III,1602.0,103.0,industry,1
breast,immunotherapy,II,1048.0,116.0,government,1
renal,targeted_therapy,I,991.0,6.0,industry,0
pancreatic,radiation,IV,1300.0,46.0,industry,0
ovarian,immunotherapy,I,1855.0,53.0,industry,0
breast,radiation,III,681.0,36.0,government,1
leukemia,chemotherapy,III,1849.0,41.0,government,1
lung,hormone_therapy,II,262.0,113.0,academic,0
pancreatic,hormone_therapy,I,1830.0,38.0,government,0
ovarian,combination,I,1763.0,38.0,industry,0
melanoma,targeted_therapy,III,434.0,108.0,government,1
leukemia,hormone_therapy,III,1670.0,87.0,industry,1
melanoma,chemotherapy,III,726.0,28.0,industry,1
breast,targeted_therapy,IV,362.0,65.0,industry,1
lung,immunotherapy,III,701.0,92.0,academic,0
pancreatic,hormone_therapy,II,1422.0,84.0,academic,0
pancreatic,targeted_therapy,II,1637.0,95.0,industry,1
renal,chemotherapy,III,1709.0,35.0,government,0
renal,combination,II,672.0,94.0,industry,0
breast,radiation,I,1869.0,50.0,industry,0
breast,radiation,III,165.0,85.0,industry,1
lung,chemotherapy,II,342.0,44.0,academic,0
renal,chemotherapy,IV,141.0,117.0,academic,0
ovarian,radiation,III,1295.0,50.0,industry,1
ovarian,combination,I,1898.0,83.0,academic,0
lung,targeted_therapy,IV,1942.0,86.0,industry,1
ovarian,radiation,II,330.0,17.0,academic,0
bladder,chemotherapy,II,620.0,98.0,government,0
prostate,hormone_therapy,II,494.0,37.0,industry,1
lung,immunotherapy,I,589.0,61.0,government,0
lung,combination,II,1535.0,29.0,academic,0
colorectal,combination,I,594.0,18.0,industry,0
leukemia,hormone_therapy,II,366.0,25.0,government,0
leukemia,hormone_therapy,II,839.0,84.0,industry,1
bladder,chemotherapy,III,1530.0,61.0,industry,1
renal,radiation,III,1516.0,58.0,industry,1
breast,targeted_therapy,II,401.0,73.0,industry,1
breast,combination,II,1323.0,59.0,academic,1
melanoma,combination,II,91.0,39.0,academic,0
bladder,hormone_therapy,II,540.0,33.0,government,1
lung,radiation,III,1409.0,55.0,industry,1
bladder,combination,III,952.0,7.0,industry,1
bladder,targeted_therapy,II,1137.0,116.0,industry,1
bladder,hormone_therapy,II,1416.0,99.0,industry,1
leukemia,targeted_therapy,I,358.0,31.0,government,0
bladder,radiation,III,1480.0,56.0,academic,1
prostate,combination,I,1379.0,52.0,industry,1
breast,immunotherapy,IV,683.0,31.0,government,1
melanoma,combination,III,1535.0,89.0,academic,1
prostate,radiation,II,1960.0,111.0,industry,1
melanoma,combination,III,1911.0,97.0,academic,1
colorectal,combination,IV,59.0,89.0,industry,0
melanoma,chemotherapy,III,1402.0,80.0,industry,1
breast,combination,II,593.0,79.0,industry,1
breast,combination,II,1297.0,66.0,industry,1
bladder,targeted_therapy,III,985.0,28.0,industry,1
pancreatic,immunotherapy,III,600.0,42.0,industry,1
colorectal,targeted_therapy,III,1441.0,46.0,industry,1
lung,targeted_therapy,III,1800.0,57.0,academic,1
ovarian,hormone_therapy,III,1920.0,88.0,government,1
melanoma,chemotherapy,IV,189.0,114.0,academic,1
pancreatic,targeted_therapy,I,1733.0,87.0,industry,1
bladder,radiation,III,720.0,54.0,industry,1
leukemia,radiation,III,530.0,32.0,industry,1
lung,combination,III,1303.0,11.0,industry,1
renal,hormone_therapy,III,603.0,79.0,academic,1
pancreatic,chemotherapy,II,1003.0,71.0,academic,0
leukemia,chemotherapy,III,478.0,29.0,academic,1
colorectal,combination,III,548.0,43.0,academic,1
bladder,radiation,I,1925.0,33.0,industry,0
lung,immunotherapy,II,360.0,33.0,industry,1
lung,hormone_therapy,II,76.0,114.0,academic,0
lung,combination,II,237.0,119.0,industry,1
colorectal,hormone_therapy,I,638.0,108.0,industry,0
melanoma,radiation,II,835.0,71.0,industry,1
renal,radiation,III,1983.0,66.0,industry,0
colorectal,immunotherapy,III,1728.0,51.0,industry,1
ovarian,immunotherapy,III,750.0,74.0,academic,1
renal,chemotherapy,III,483.0,119.0,government,1
breast,hormone_therapy,II,266.0,80.0,industry,1
bladder,hormone_therapy,I,749.0,79.0,industry,1
colorectal,radiation,III,392.0,48.0,academic,1
leukemia,chemotherapy,II,436.0,64.0,industry,1
renal,combination,IV,1074.0,7.0,industry,1
ovarian,hormone_therapy,III,387.0,20.0,industry,1
breast,chemotherapy,III,578.0,108.0,industry,1
melanoma,chemotherapy,IV,1689.0,110.0,academic,1
leukemia,radiation,I,127.0,42.0,academic,0
renal,chemotherapy,II,603.0,76.0,industry,1
bladder,immunotherapy,III,858.0,25.0,industry,1
leukemia,immunotherapy,II,437.0,103.0,industry,1
breast,targeted_therapy,IV,1663.0,40.0,industry,1
leukemia,radiation,I,840.0,39.0,government,0
prostate,combination,III,1441.0,91.0,academic,1
pancreatic,targeted_therapy,III,1315.0,36.0,industry,1
melanoma,immunotherapy,III,702.0,92.0,academic,1
breast,targeted_therapy,II,1159.0,24.0,academic,1
leukemia,radiation,II,1884.0,73.0,academic,0
pancreatic,radiation,III,1629.0,29.0,industry,1
pancreatic,chemotherapy,II,275.0,89.0,industry,0
leukemia,hormone_therapy,III,1124.0,44.0,academic,1
bladder,chemotherapy,III,799.0,97.0,industry,1
prostate,radiation,III,1171.0,59.0,government,1
colorectal,immunotherapy,III,857.0,44.0,academic,1
prostate,combination,II,934.0,22.0,government,1
leukemia,immunotherapy,III,254.0,24.0,industry,1
melanoma,chemotherapy,III,572.0,53.0,government,1
colorectal,combination,II,200.0,40.0,industry,1
breast,radiation,IV,176.0,37.0,government,1
prostate,immunotherapy,II,1497.0,52.0,industry,1
leukemia,radiation,I,590.0,115.0,industry,0
prostate,combination,II,876.0,52.0,academic,0
colorectal,combination,IV,1804.0,69.0,industry,1
ovarian,immunotherapy,II,1747.0,51.0,industry,1
renal,radiation,III,1067.0,108.0,government,0
prostate,targeted_therapy,III,1516.0,40.0,industry,1
breast,radiation,II,1443.0,99.0,academic,1
breast,combination,I,967.0,22.0,industry,1
lung,radiation,III,611.0,47.0,academic,1
prostate,chemotherapy,II,153.0,116.0,academic,1
renal,targeted_therapy,III,440.0,34.0,industry,1
bladder,hormone_therapy,II,232.0,75.0,industry,1
pancreatic,chemotherapy,II,919.0,22.0,academic,0
renal,hormone_therapy,III,501.0,86.0,industry,1
pancreatic,immunotherapy,II,367.0,19.0,industry,0
pancreatic,hormone_therapy,II,185.0,29.0,academic,0
ovarian,radiation,II,956.0,62.0,industry,0
lung,hormone_therapy,II,367.0,55.0,industry,0
renal,combination,III,868.0,62.0,academic,1
renal,chemotherapy,III,417.0,106.0,industry,1
ovarian,chemotherapy,II,602.0,66.0,industry,0
prostate,hormone_therapy,III,745.0,109.0,industry,1
prostate,chemotherapy,III,1478.0,44.0,academic,0
prostate,combination,II,1620.0,60.0,academic,1
melanoma,chemotherapy,II,1264.0,101.0,academic,0
pancreatic,hormone_therapy,IV,327.0,41.0,industry,0
melanoma,targeted_therapy,III,1010.0,119.0,industry,1
lung,targeted_therapy,III,817.0,42.0,industry,1
ovarian,immunotherapy,III,1740.0,117.0,industry,1
renal,chemotherapy,I,738.0,19.0,government,0
pancreatic,hormone_therapy,III,485.0,32.0,industry,1
melanoma,chemotherapy,III,118.0,88.0,industry,1
melanoma,radiation,III,1285.0,36.0,industry,1
leukemia,combination,II,177.0,115.0,academic,1
melanoma,chemotherapy,I,629.0,78.0,academic,0
bladder,chemotherapy,II,573.0,107.0,academic,1
renal,targeted_therapy,IV,670.0,86.0,government,0
bladder,combination,II,1838.0,88.0,industry,1
renal,hormone_therapy,II,939.0,49.0,industry,1
ovarian,chemotherapy,I,246.0,73.0,industry,0
renal,targeted_therapy,I,442.0,53.0,academic,0
bladder,immunotherapy,III,1115.0,62.0,academic,1
renal,combination,III,262.0,80.0,industry,1
ovarian,targeted_therapy,III,549.0,27.0,academic,1
ovarian,targeted_therapy,II,1632.0,9.0,academic,1
lung,targeted_therapy,III,1088.0,86.0,government,1
renal,chemotherapy,II,1515.0,77.0,academic,0
leukemia,chemotherapy,II,390.0,51.0,academic,0
prostate,immunotherapy,II,1898.0,64.0,industry,1
breast,radiation,II,671.0,39.0,academic,1
ovarian,radiation,II,708.0,16.0,government,0
colorectal,radiation,III,753.0,36.0,industry,0
prostate,combination,III,1970.0,16.0,academic,1
pancreatic,combination,III,111.0,61.0,academic,0
renal,immunotherapy,II,1065.0,43.0,industry,1
bladder,combination,I,191.0,26.0,academic,0
breast,radiation,II,1647.0,115.0,industry,1
colorectal,radiation,IV,1235.0,99.0,government,1
prostate,targeted_therapy,III,1120.0,15.0,academic,1
renal,combination,III,1324.0,31.0,industry,1
lung,chemotherapy,I,1407.0,96.0,industry,0
pancreatic,chemotherapy,III,198.0,13.0,academic,1
breast,targeted_therapy,I,257.0,108.0,industry,1
leukemia,targeted_therapy,III,1178.0,13.0,industry,1
lung,targeted_therapy,IV,896.0,65.0,industry,1
colorectal,chemotherapy,IV,921.0,77.0,industry,1
breast,radiation,III,299.0,39.0,industry,1
lung,targeted_therapy,II,1062.0,21.0,academic,1
pancreatic,immunotherapy,IV,1638.0,110.0,government,0
leukemia,targeted_therapy,III,759.0,18.0,academic,1
lung,hormone_therapy,I,390.0,92.0,academic,0
melanoma,targeted_therapy,II,1820.0,81.0,industry,1
leukemia,chemotherapy,II,1155.0,96.0,industry,0
colorectal,combination,II,1806.0,27.0,industry,0
pancreatic,targeted_therapy,II,1719.0,101.0,academic,0
renal,combination,III,889.0,118.0,government,1
bladder,hormone_therapy,II,1723.0,32.0,academic,1
bladder,immunotherapy,II,1038.0,69.0,government,1
bladder,combination,III,240.0,7.0,academic,1
breast,radiation,III,939.0,114.0,industry,1
colorectal,targeted_therapy,III,323.0,102.0,industry,1
pancreatic,hormone_therapy,II,1746.0,31.0,industry,0
leukemia,hormone_therapy,IV,1368.0,97.0,industry,1
breast,combination,IV,1480.0,88.0,academic,1
colorectal,immunotherapy,II,457.0,112.0,industry,1
renal,chemotherapy,I,1213.0,74.0,academic,0
melanoma,targeted_therapy,III,394.0,102.0,academic,1
pancreatic,hormone_therapy,III,1600.0,89.0,industry,1
bladder,immunotherapy,IV,400.0,35.0,industry,1
lung,radiation,III,1005.0,114.0,industry,0
pancreatic,hormone_therapy,III,33.0,13.0,industry,0
ovarian,immunotherapy,III,762.0,43.0,academic,1
colorectal,chemotherapy,I,688.0,66.0,industry,1
prostate,chemotherapy,II,519.0,86.0,academic,0
renal,hormone_therapy,II,1689.0,113.0,government,1
melanoma,hormone_therapy,III,1434.0,70.0,government,1
renal,combination,III,1592.0,72.0,government,1
pancreatic,targeted_therapy,III,584.0,51.0,industry,1
prostate,immunotherapy,II,549.0,95.0,industry,1
ovarian,hormone_therapy,III,511.0,100.0,industry,1
leukemia,targeted_therapy,I,1593.0,77.0,industry,1
lung,combination,II,1742.0,48.0,government,0
prostate,targeted_therapy,III,1428.0,64.0,academic,1
colorectal,hormone_therapy,III,1239.0,51.0,industry,1
bladder,chemotherapy,IV,774.0,77.0,industry,1
ovarian,immunotherapy,II,319.0,40.0,industry,0
lung,immunotherapy,II,834.0,44.0,academic,1
melanoma,chemotherapy,II,566.0,97.0,academic,0
bladder,hormone_therapy,II,746.0,56.0,government,0
pancreatic,immunotherapy,III,750.0,9.0,government,0
prostate,hormone_therapy,III,847.0,85.0,industry,1
lung,combination,III,621.0,82.0,industry,1
breast,hormone_therapy,II,1351.0,89.0,industry,1
leukemia,targeted_therapy,III,1295.0,56.0,industry,1
leukemia,chemotherapy,I,1051.0,10.0,government,0
ovarian,hormone_therapy,III,787.0,60.0,academic,1
melanoma,combination,II,894.0,106.0,academic,1
ovarian,radiation,II,1251.0,25.0,industry,0
breast,chemotherapy,III,956.0,29.0,industry,1
colorectal,immunotherapy,IV,150.0,41.0,industry,1
melanoma,targeted_therapy,I,1779.0,39.0,industry,1
renal,immunotherapy,II,1752.0,114.0,academic,1
colorectal,combination,III,1697.0,117.0,industry,1
melanoma,combination,II,1807.0,59.0,academic,1
melanoma,immunotherapy,II,627.0,39.0,academic,1
breast,chemotherapy,II,45.0,88.0,industry,1
pancreatic,immunotherapy,II,1666.0,22.0,academic,0
breast,hormone_therapy,IV,1497.0,10.0,industry,1
melanoma,immunotherapy,III,654.0,94.0,academic,1
lung,targeted_therapy,III,1229.0,23.0,academic,1
colorectal,targeted_therapy,IV,503.0,60.0,government,1
breast,radiation,II,699.0,58.0,industry,0
pancreatic,targeted_therapy,I,1094.0,55.0,industry,0
prostate,immunotherapy,II,1934.0,77.0,industry,1
ovarian,targeted_therapy,II,24.0,96.0,industry,0
melanoma,chemotherapy,II,608.0,84.0,academic,0
renal,targeted_therapy,IV,1203.0,50.0,government,1
prostate,hormone_therapy,III,227.0,18.0,industry,1
leukemia,chemotherapy,II,276.0,21.0,industry,1
bladder,radiation,III,1248.0,91.0,industry,1
pancreatic,hormone_therapy,III,1810.0,89.0,industry,0
renal,immunotherapy,IV,1993.0,18.0,industry,1
bladder,immunotherapy,III,30.0,25.0,industry,1
pancreatic,immunotherapy,III,968.0,71.0,academic,1
lung,hormone_therapy,III,27.0,104.0,industry,1
ovarian,hormone_therapy,III,1452.0,52.0,industry,1
prostate,hormone_therapy,III,955.0,24.0,academic,1
colorectal,chemotherapy,I,51.0,50.0,industry,1
pancreatic,combination,I,559.0,42.0,academic,0
colorectal,chemotherapy,III,1761.0,59.0,academic,0
ovarian,immunotherapy,II,1024.0,11.0,academic,0
melanoma,combination,I,406.0,19.0,industry,0
leukemia,targeted_therapy,III,1271.0,9.0,industry,1
prostate,immunotherapy,I,659.0,91.0,academic,1
ovarian,radiation,III,1810.0,60.0,academic,0
ovarian,chemotherapy,III,1518.0,108.0,industry,1
lung,hormone_therapy,IV,1767.0,105.0,industry,1
bladder,chemotherapy,II,1794.0,39.0,industry,0
leukemia,hormone_therapy,I,226.0,32.0,industry,0
prostate,combination,III,1361.0,12.0,academic,1
melanoma,radiation,III,1838.0,8.0,industry,0
melanoma,combination,IV,1800.0,52.0,industry,1
breast,radiation,II,576.0,102.0,academic,1
ovarian,chemotherapy,II,1660.0,7.0,industry,1
pancreatic,hormone_therapy,IV,367.0,111.0,academic,0
lung,combination,II,812.0,85.0,academic,1
leukemia,radiation,III,253.0,30.0,industry,1
melanoma,immunotherapy,II,1744.0,65.0,academic,1
prostate,immunotherapy,I,1087.0,84.0,academic,0
breast,combination,II,1025.0,29.0,industry,1
prostate,hormone_therapy,II,756.0,20.0,industry,1
lung,combination,III,961.0,100.0,industry,1
pancreatic,chemotherapy,IV,1185.0,19.0,government,0
breast,radiation,II,1691.0,59.0,academic,1
breast,chemotherapy,III,195.0,83.0,industry,1
bladder,immunotherapy,I,1697.0,11.0,academic,0
leukemia,radiation,III,468.0,83.0,industry,1
breast,combination,I,611.0,86.0,academic,0
bladder,chemotherapy,IV,101.0,23.0,academic,0
bladder,targeted_therapy,III,154.0,25.0,industry,1
lung,hormone_therapy,III,1762.0,67.0,academic,0
colorectal,hormone_therapy,III,875.0,86.0,academic,1
prostate,targeted_therapy,III,1220.0,85.0,academic,1
pancreatic,immunotherapy,IV,1426.0,45.0,industry,1
renal,radiation,III,1286.0,44.0,academic,0
prostate,hormone_therapy,IV,1610.0,57.0,government,1
breast,targeted_therapy,III,1184.0,37.0,industry,1
pancreatic,combination,I,1500.0,113.0,industry,0
melanoma,targeted_therapy,III,459.0,78.0,industry,1
colorectal,immunotherapy,I,1099.0,32.0,academic,0
melanoma,immunotherapy,III,1570.0,115.0,academic,1
melanoma,chemotherapy,II,716.0,57.0,industry,1
leukemia,hormone_therapy,III,1869.0,102.0,government,1
prostate,chemotherapy,I,438.0,68.0,industry,0
renal,targeted_therapy,II,107.0,79.0,academic,0
lung,radiation,II,1652.0,68.0,industry,0
renal,radiation,IV,675.0,22.0,industry,0
melanoma,immunotherapy,II,1051.0,118.0,industry,1
breast,radiation,II,1520.0,54.0,industry,1
colorectal,radiation,III,234.0,105.0,academic,1
ovarian,radiation,III,1728.0,86.0,academic,0
renal,targeted_therapy,II,1778.0,87.0,industry,0
melanoma,radiation,II,571.0,28.0,industry,0
colorectal,combination,II,1540.0,103.0,industry,1
pancreatic,radiation,IV,1737.0,77.0,academic,1
prostate,radiation,I,522.0,18.0,academic,0
bladder,chemotherapy,II,1825.0,28.0,industry,0
leukemia,targeted_therapy,I,718.0,62.0,academic,0
colorectal,immunotherapy,II,264.0,67.0,industry,0
breast,chemotherapy,III,1521.0,59.0,government,1
breast,hormone_therapy,II,328.0,25.0,government,1
colorectal,targeted_therapy,I,250.0,91.0,academic,0
breast,combination,II,1426.0,116.0,government,0
prostate,targeted_therapy,I,174.0,57.0,academic,1
breast,hormone_therapy,I,1218.0,28.0,academic,0
renal,hormone_therapy,III,867.0,110.0,academic,1
bladder,hormone_therapy,III,134.0,40.0,industry,0
breast,immunotherapy,IV,1433.0,72.0,industry,1
bladder,radiation,III,330.0,39.0,industry,1
melanoma,targeted_therapy,III,1012.0,38.0,academic,1
lung,radiation,I,319.0,51.0,industry,0
prostate,radiation,III,1061.0,86.0,industry,1
lung,combination,III,803.0,50.0,industry,1
melanoma,hormone_therapy,III,31.0,24.0,industry,1
prostate,immunotherapy,III,1447.0,99.0,academic,1
colorectal,combination,II,1856.0,92.0,government,1
colorectal,chemotherapy,III,1747.0,20.0,academic,1
bladder,immunotherapy,III,251.0,83.0,academic,0
melanoma,radiation,IV,974.0,71.0,academic,0
bladder,immunotherapy,II,1648.0,44.0,industry,0
leukemia,hormone_therapy,II,749.0,118.0,industry,1
breast,chemotherapy,II,1321.0,23.0,government,1
ovarian,hormone_therapy,III,1396.0,75.0,industry,1
leukemia,chemotherapy,II,1037.0,64.0,industry,1
breast,combination,I,1018.0,37.0,academic,0
prostate,radiation,IV,322.0,26.0,industry,0
bladder,chemotherapy,I,560.0,45.0,industry,0
prostate,chemotherapy,III,489.0,97.0,industry,1
prostate,chemotherapy,II,832.0,32.0,industry,1
breast,immunotherapy,III,96.0,7.0,industry,1
melanoma,combination,III,1039.0,102.0,industry,1
breast,immunotherapy,IV,1564.0,85.0,academic,1
pancreatic,radiation,IV,43.0,44.0,academic,0
colorectal,chemotherapy,I,1058.0,91.0,industry,1
colorectal,combination,I,695.0,61.0,government,0
leukemia,combination,II,544.0,112.0,industry,1
colorectal,targeted_therapy,III,366.0,116.0,industry,1
breast,radiation,III,191.0,18.0,industry,1
renal,combination,II,1912.0,61.0,academic,1
bladder,chemotherapy,III,1370.0,71.0,industry,1
breast,chemotherapy,II,731.0,83.0,academic,1
breast,combination,III,1528.0,61.0,academic,1
ovarian,immunotherapy,IV,508.0,107.0,industry,1
bladder,radiation,II,1505.0,110.0,academic,0
pancreatic,chemotherapy,II,397.0,33.0,government,0
colorectal,combination,I,1631.0,69.0,industry,1
bladder,chemotherapy,III,1207.0,76.0,industry,1
colorectal,combination,III,391.0,87.0,academic,0
leukemia,radiation,I,1616.0,69.0,academic,0
bladder,combination,II,1019.0,61.0,industry,1
colorectal,targeted_therapy,II,996.0,46.0,industry,1
pancreatic,combination,III,1467.0,105.0,industry,1
lung,combination,III,776.0,46.0,industry,1
prostate,radiation,I,496.0,105.0,industry,0
prostate,combination,III,401.0,113.0,government,1
pancreatic,radiation,III,174.0,9.0,academic,0
ovarian,targeted_therapy,II,276.0,62.0,industry,1
lung,radiation,I,1799.0,35.0,academic,0
leukemia,chemotherapy,III,693.0,93.0,government,1
pancreatic,radiation,IV,87.0,89.0,industry,0
prostate,targeted_therapy,II,363.0,51.0,industry,1
prostate,hormone_therapy,II,1320.0,61.0,industry,1
prostate,combination,II,692.0,36.0,academic,1
melanoma,radiation,III,410.0,93.0,industry,0
pancreatic,combination,II,1492.0,12.0,government,0
breast,immunotherapy,II,278.0,95.0,industry,1
leukemia,chemotherapy,III,326.0,82.0,industry,0
prostate,chemotherapy,III,1890.0,59.0,industry,1
colorectal,immunotherapy,II,1138.0,13.0,industry,1
pancreatic,immunotherapy,II,969.0,60.0,academic,1
melanoma,radiation,III,1507.0,74.0,government,1
pancreatic,immunotherapy,I,989.0,49.0,industry,0
leukemia,hormone_therapy,I,265.0,18.0,government,0
melanoma,combination,III,752.0,98.0,academic,1
leukemia,combination,I,1678.0,25.0,industry,0
pancreatic,targeted_therapy,III,206.0,83.0,academic,1
breast,immunotherapy,IV,1817.0,37.0,industry,1
leukemia,immunotherapy,II,944.0,65.0,academic,1
melanoma,hormone_therapy,II,804.0,55.0,industry,0
melanoma,chemotherapy,III,1416.0,32.0,academic,1
leukemia,chemotherapy,III,1615.0,30.0,industry,1
renal,combination,IV,1449.0,57.0,academic,0
pancreatic,combination,III,427.0,73.0,academic,1
renal,radiation,I,1168.0,26.0,industry,0
ovarian,hormone_therapy,III,1380.0,23.0,industry,1
pancreatic,targeted_therapy,II,360.0,44.0,industry,0
leukemia,targeted_therapy,II,582.0,20.0,academic,1
lung,hormone_therapy,I,1221.0,58.0,industry,0
leukemia,targeted_therapy,II,670.0,43.0,academic,1
renal,chemotherapy,III,971.0,53.0,industry,1
breast,targeted_therapy,II,1882.0,57.0,industry,1
leukemia,targeted_therapy,II,1213.0,93.0,industry,1
leukemia,hormone_therapy,II,1082.0,77.0,industry,1
breast,hormone_therapy,III,88.0,33.0,academic,1
leukemia,targeted_therapy,III,1279.0,90.0,government,1
prostate,immunotherapy,II,1603.0,21.0,industry,1
lung,hormone_therapy,I,400.0,21.0,industry,0
colorectal,radiation,II,76.0,40.0,industry,1
lung,radiation,IV,1320.0,22.0,academic,0
leukemia,chemotherapy,III,869.0,78.0,industry,1
prostate,targeted_therapy,III,1142.0,104.0,academic,1
pancreatic,immunotherapy,III,935.0,57.0,government,1
leukemia,chemotherapy,II,1570.0,98.0,industry,0
renal,targeted_therapy,III,344.0,108.0,academic,1
prostate,hormone_therapy,III,480.0,87.0,industry,1
breast,radiation,I,198.0,17.0,industry,0
prostate,combination,I,863.0,88.0,industry,1
breast,immunotherapy,III,593.0,53.0,industry,1
ovarian,combination,IV,138.0,27.0,industry,0
colorectal,radiation,II,1512.0,54.0,industry,1
bladder,combination,III,568.0,57.0,industry,1
prostate,hormone_therapy,III,665.0,84.0,industry,1
melanoma,targeted_therapy,II,1498.0,6.0,academic,1
renal,hormone_therapy,I,45.0,71.0,government,0
leukemia,combination,I,1533.0,69.0,industry,1
renal,hormone_therapy,III,1051.0,13.0,industry,1
lung,radiation,II,988.0,91.0,industry,0
bladder,immunotherapy,II,1559.0,30.0,government,1
lung,hormone_therapy,III,552.0,71.0,academic,1
ovarian,radiation,III,1970.0,78.0,industry,1
bladder,immunotherapy,I,168.0,78.0,industry,0
bladder,targeted_therapy,II,1531.0,82.0,industry,1
lung,combination,II,1068.0,75.0,industry,0
breast,targeted_therapy,III,674.0,99.0,government,1
lung,chemotherapy,III,1800.0,84.0,government,0
renal,radiation,II,1974.0,56.0,industry,0
breast,immunotherapy,III,964.0,58.0,industry,1
renal,hormone_therapy,III,574.0,20.0,industry,1
ovarian,targeted_therapy,III,444.0,55.0,industry,1
leukemia,immunotherapy,III,312.0,76.0,government,1
pancreatic,radiation,II,1228.0,80.0,industry,0
breast,chemotherapy,I,573.0,109.0,industry,0
ovarian,targeted_therapy,III,450.0,43.0,industry,1
melanoma,combination,III,623.0,45.0,academic,1
ovarian,immunotherapy,III,336.0,71.0,academic,1
lung,combination,II,417.0,117.0,industry,1
lung,immunotherapy,IV,1367.0,44.0,industry,0
pancreatic,immunotherapy,III,1608.0,79.0,industry,1
ovarian,radiation,I,615.0,113.0,government,0
colorectal,radiation,II,565.0,22.0,industry,0
leukemia,radiation,III,95.0,12.0,industry,0
lung,hormone_therapy,III,884.0,109.0,industry,1
pancreatic,immunotherapy,II,1963.0,44.0,academic,0
leukemia,targeted_therapy,III,935.0,73.0,industry,1
ovarian,combination,II,728.0,40.0,industry,1
ovarian,radiation,II,505.0,56.0,academic,0
bladder,radiation,III,1841.0,52.0,academic,0
pancreatic,combination,III,1131.0,41.0,academic,1
lung,combination,III,766.0,69.0,government,0
colorectal,immunotherapy,III,1275.0,100.0,industry,1
ovarian,radiation,I,1050.0,94.0,industry,0
colorectal,combination,III,1847.0,110.0,government,1
ovarian,hormone_therapy,II,569.0,18.0,industry,0
lung,hormone_therapy,II,995.0,23.0,academic,1
leukemia,radiation,II,1095.0,26.0,academic,0
prostate,combination,II,1698.0,117.0,industry,1
leukemia,immunotherapy,II,961.0,70.0,industry,1
ovarian,immunotherapy,II,938.0,105.0,academic,0
renal,immunotherapy,I,1439.0,119.0,academic,0
prostate,chemotherapy,II,1264.0,13.0,academic,0
prostate,radiation,III,1471.0,53.0,industry,1
colorectal,immunotherapy,II,1795.0,90.0,industry,1
pancreatic,hormone_therapy,II,1186.0,48.0,industry,0
colorectal,combination,III,1904.0,58.0,industry,1
colorectal,targeted_therapy,III,382.0,90.0,industry,1
renal,targeted_therapy,III,401.0,32.0,government,1
leukemia,immunotherapy,II,1604.0,24.0,academic,1
leukemia,targeted_therapy,III,1320.0,28.0,academic,1
melanoma,targeted_therapy,II,290.0,55.0,industry,1
ovarian,chemotherapy,I,1057.0,56.0,industry,0
renal,hormone_therapy,II,317.0,48.0,government,0
melanoma,hormone_therapy,III,1023.0,104.0,industry,1
lung,chemotherapy,II,1507.0,109.0,industry,0
ovarian,chemotherapy,I,1570.0,56.0,industry,0
ovarian,targeted_therapy,I,253.0,111.0,government,0
bladder,radiation,III,594.0,117.0,government,1
bladder,combination,III,1751.0,74.0,industry,1
breast,combination,II,46.0,46.0,government,1
breast,targeted_therapy,III,1514.0,77.0,industry,1
colorectal,combination,III,112.0,16.0,industry,1
lung,chemotherapy,III,636.0,85.0,academic,0
prostate,hormone_therapy,II,328.0,108.0,government,1
prostate,combination,III,71.0,116.0,academic,1
bladder,targeted_therapy,II,338.0,93.0,academic,0
bladder,radiation,III,200.0,90.0,academic,0
bladder,targeted_therapy,I,1612.0,57.0,academic,1
renal,immunotherapy,II,1163.0,28.0,government,0
pancreatic,targeted_therapy,II,1863.0,54.0,academic,0
breast,chemotherapy,III,894.0,43.0,government,1
renal,hormone_therapy,I,1086.0,52.0,government,1
leukemia,hormone_therapy,III,666.0,77.0,industry,1
prostate,combination,II,1928.0,12.0,academic,1
ovarian,chemotherapy,III,1981.0,71.0,industry,1
breast,immunotherapy,III,1303.0,99.0,industry,1
melanoma,chemotherapy,III,216.0,82.0,academic,1
leukemia,targeted_therapy,III,664.0,67.0,industry,1
breast,chemotherapy,III,990.0,92.0,industry,1
renal,chemotherapy,II,274.0,34.0,government,0
lung,immunotherapy,III,751.0,43.0,industry,1
ovarian,targeted_therapy,II,355.0,106.0,industry,1
breast,radiation,III,1596.0,89.0,government,0
pancreatic,radiation,III,1545.0,38.0,industry,0
bladder,hormone_therapy,II,1009.0,34.0,industry,1
bladder,combination,II,919.0,119.0,industry,1
ovarian,chemotherapy,II,1298.0,84.0,industry,1
renal,hormone_therapy,III,533.0,28.0,academic,1
bladder,immunotherapy,IV,1750.0,111.0,academic,1
breast,radiation,III,261.0,8.0,industry,1
melanoma,chemotherapy,III,168.0,106.0,academic,1
prostate,immunotherapy,IV,1753.0,98.0,industry,1
prostate,combination,I,1342.0,50.0,industry,1
leukemia,immunotherapy,II,776.0,13.0,academic,0
colorectal,chemotherapy,III,1893.0,91.0,academic,1
lung,combination,III,639.0,34.0,academic,1
ovarian,immunotherapy,III,472.0,7.0,industry,1
leukemia,combination,II,1436.0,110.0,industry,1
colorectal,chemotherapy,I,231.0,118.0,industry,0
renal,chemotherapy,II,687.0,55.0,industry,1
pancreatic,combination,II,1581.0,114.0,academic,0
pancreatic,targeted_therapy,II,613.0,70.0,industry,1
lung,hormone_therapy,III,1638.0,113.0,academic,1
bladder,immunotherapy,I,150.0,25.0,industry,1
breast,immunotherapy,III,1372.0,57.0,industry,1
leukemia,targeted_therapy,II,631.0,90.0,industry,1
leukemia,targeted_therapy,III,275.0,42.0,industry,1
ovarian,targeted_therapy,I,1522.0,77.0,government,0
ovarian,radiation,II,580.0,32.0,industry,0
pancreatic,radiation,I,1956.0,52.0,industry,0
pancreatic,combination,IV,82.0,104.0,academic,0
melanoma,radiation,III,1354.0,11.0,academic,1
melanoma,chemotherapy,II,426.0,65.0,industry,0
bladder,combination,II,821.0,50.0,industry,1
melanoma,immunotherapy,IV,1148.0,49.0,academic,1
breast,hormone_therapy,II,1660.0,88.0,government,1
breast,chemotherapy,II,1880.0,23.0,government,1
leukemia,immunotherapy,III,34.0,70.0,industry,1
prostate,immunotherapy,IV,1730.0,30.0,government,1
breast,combination,I,278.0,32.0,industry,1
colorectal,targeted_therapy,II,742.0,12.0,industry,1
pancreatic,targeted_therapy,IV,1455.0,49.0,academic,1
ovarian,chemotherapy,II,1302.0,111.0,industry,0
melanoma,targeted_therapy,I,633.0,34.0,industry,1
leukemia,immunotherapy,III,1303.0,100.0,industry,1
lung,targeted_therapy,III,1899.0,49.0,industry,1
ovarian,radiation,II,1714.0,112.0,academic,0
colorectal,targeted_therapy,IV,1088.0,41.0,academic,1
melanoma,immunotherapy,III,1998.0,24.0,industry,1
colorectal,combination,I,832.0,11.0,industry,0
pancreatic,chemotherapy,IV,1806.0,30.0,government,0
pancreatic,hormone_therapy,II,350.0,36.0,academic,0
bladder,targeted_therapy,II,184.0,14.0,industry,1
leukemia,immunotherapy,III,1236.0,89.0,government,1
ovarian,hormone_therapy,II,1564.0,79.0,academic,0
renal,hormone_therapy,I,1444.0,42.0,industry,1
renal,radiation,I,1417.0,32.0,industry,0
ovarian,hormone_therapy,II,1108.0,18.0,industry,1
lung,combination,III,406.0,46.0,academic,1
leukemia,immunotherapy,III,1538.0,71.0,industry,1
colorectal,immunotherapy,IV,1837.0,119.0,industry,1
lung,targeted_therapy,II,1736.0,90.0,industry,1
prostate,targeted_therapy,II,1458.0,102.0,government,1
ovarian,targeted_therapy,II,1837.0,29.0,industry,0
colorectal,combination,II,1834.0,49.0,government,1
renal,hormone_therapy,II,1073.0,111.0,government,1
breast,hormone_therapy,III,1309.0,103.0,industry,1
bladder,radiation,IV,347.0,65.0,industry,0
renal,combination,IV,1535.0,14.0,industry,1
leukemia,targeted_therapy,II,1260.0,7.0,government,1
pancreatic,chemotherapy,III,339.0,61.0,industry,0
breast,radiation,II,1961.0,35.0,industry,1
bladder,chemotherapy,I,418.0,27.0,industry,0
bladder,hormone_therapy,III,1934.0,115.0,industry,1
prostate,radiation,III,124.0,80.0,government,1
prostate,radiation,II,715.0,112.0,academic,1
melanoma,immunotherapy,II,1036.0,86.0,government,1
renal,hormone_therapy,II,349.0,105.0,industry,1
renal,hormone_therapy,III,679.0,18.0,industry,1
renal,combination,II,1660.0,76.0,government,0
melanoma,radiation,IV,1090.0,21.0,industry,1
lung,hormone_therapy,I,618.0,102.0,government,0
bladder,radiation,II,840.0,50.0,industry,0
breast,combination,II,1992.0,70.0,industry,1
leukemia,combination,III,660.0,16.0,academic,1
bladder,immunotherapy,II,1813.0,75.0,government,1
prostate,radiation,III,333.0,25.0,government,1
colorectal,hormone_therapy,III,1190.0,104.0,industry,1
pancreatic,hormone_therapy,IV,481.0,113.0,industry,1
melanoma,radiation,III,1627.0,68.0,academic,0
ovarian,radiation,III,505.0,106.0,academic,1
colorectal,radiation,III,1695.0,110.0,academic,1
leukemia,targeted_therapy,III,429.0,95.0,industry,1
renal,hormone_therapy,II,46.0,17.0,government,0
prostate,combination,II,1072.0,67.0,academic,1
prostate,hormone_therapy,II,290.0,99.0,academic,1
prostate,targeted_therapy,II,705.0,97.0,industry,1
renal,radiation,II,520.0,96.0,industry,0
ovarian,immunotherapy,IV,1296.0,47.0,government,1
melanoma,radiation,II,404.0,88.0,academic,0
colorectal,radiation,I,79.0,74.0,government,0
renal,targeted_therapy,III,1150.0,63.0,government,1
leukemia,hormone_therapy,I,239.0,10.0,academic,1
melanoma,radiation,I,1484.0,110.0,industry,0
leukemia,hormone_therapy,II,790.0,32.0,industry,1
melanoma,chemotherapy,II,1926.0,33.0,industry,0
ovarian,combination,II,1701.0,31.0,industry,1
pancreatic,hormone_therapy,III,583.0,96.0,industry,1
leukemia,immunotherapy,III,1615.0,54.0,industry,1
renal,combination,II,565.0,111.0,industry,0
melanoma,immunotherapy,II,115.0,26.0,industry,0
prostate,radiation,II,1008.0,6.0,industry,1
bladder,combination,III,1132.0,97.0,industry,1
prostate,hormone_therapy,I,847.0,117.0,industry,0
lung,combination,I,1965.0,63.0,academic,1
pancreatic,radiation,III,250.0,84.0,industry,0
pancreatic,targeted_therapy,II,987.0,60.0,industry,1
prostate,immunotherapy,I,294.0,86.0,academic,0
colorectal,radiation,II,265.0,31.0,academic,0
ovarian,targeted_therapy,IV,130.0,89.0,industry,1
leukemia,combination,III,253.0,30.0,academic,1
renal,combination,III,1321.0,82.0,government,1
pancreatic,radiation,II,1520.0,38.0,academic,1
prostate,hormone_therapy,III,436.0,94.0,industry,1
prostate,combination,IV,697.0,77.0,academic,1
ovarian,hormone_therapy,IV,1171.0,74.0,industry,1
ovarian,hormone_therapy,II,1280.0,11.0,academic,0
breast,hormone_therapy,III,822.0,28.0,government,1
breast,chemotherapy,II,638.0,35.0,industry,1
colorectal,targeted_therapy,II,1171.0,83.0,government,1
colorectal,targeted_therapy,III,726.0,59.0,industry,1
lung,combination,II,870.0,92.0,government,0
colorectal,combination,IV,1437.0,16.0,academic,1
melanoma,hormone_therapy,I,494.0,36.0,industry,1
ovarian,chemotherapy,III,674.0,11.0,academic,1
renal,hormone_therapy,IV,414.0,16.0,industry,0
melanoma,chemotherapy,IV,130.0,82.0,industry,0
leukemia,hormone_therapy,II,109.0,17.0,academic,0
prostate,immunotherapy,II,782.0,71.0,industry,1
colorectal,immunotherapy,III,1323.0,58.0,academic,1
prostate,radiation,II,1376.0,104.0,industry,0
pancreatic,hormone_therapy,IV,1267.0,41.0,industry,1
lung,combination,IV,1144.0,22.0,government,1
pancreatic,targeted_therapy,II,151.0,33.0,industry,1
lung,radiation,I,1056.0,97.0,academic,0
breast,combination,I,476.0,27.0,academic,1
prostate,immunotherapy,IV,1484.0,107.0,academic,1
lung,hormone_therapy,II,117.0,12.0,government,0
bladder,radiation,II,1163.0,20.0,academic,0
melanoma,hormone_therapy,II,312.0,101.0,industry,1
lung,immunotherapy,III,1859.0,16.0,government,0
lung,radiation,I,1754.0,29.0,industry,1
melanoma,immunotherapy,II,1044.0,72.0,industry,1
prostate,chemotherapy,IV,591.0,35.0,government,1
prostate,immunotherapy,IV,269.0,75.0,academic,1
melanoma,hormone_therapy,III,671.0,71.0,academic,1
pancreatic,targeted_therapy,I,168.0,66.0,academic,0
bladder,immunotherapy,II,1438.0,83.0,academic,1
renal,combination,III,63.0,46.0,government,0
leukemia,targeted_therapy,II,1926.0,87.0,industry,1
bladder,chemotherapy,IV,1741.0,56.0,industry,1
prostate,radiation,III,1663.0,49.0,industry,1
renal,radiation,I,1087.0,100.0,academic,0
breast,targeted_therapy,IV,1121.0,18.0,industry,1
colorectal,radiation,IV,1269.0,95.0,industry,0
lung,immunotherapy,I,181.0,113.0,industry,1
melanoma,targeted_therapy,III,1836.0,17.0,government,1
melanoma,hormone_therapy,II,272.0,87.0,academic,1
lung,immunotherapy,II,151.0,14.0,industry,0
colorectal,immunotherapy,II,1491.0,118.0,industry,1
leukemia,immunotherapy,III,1927.0,90.0,industry,1
colorectal,hormone_therapy,IV,1930.0,53.0,industry,1
renal,chemotherapy,III,493.0,54.0,industry,0
colorectal,combination,I,1699.0,58.0,government,0
renal,radiation,III,1821.0,61.0,government,1
colorectal,targeted_therapy,II,1152.0,45.0,industry,0
leukemia,chemotherapy,III,725.0,112.0,industry,1
leukemia,targeted_therapy,II,1078.0,29.0,industry,1
prostate,radiation,II,1510.0,103.0,industry,1
lung,hormone_therapy,II,1945.0,77.0,industry,1
leukemia,immunotherapy,III,294.0,113.0,industry,1
renal,immunotherapy,II,206.0,38.0,industry,0
leukemia,hormone_therapy,III,968.0,28.0,academic,1
prostate,chemotherapy,II,262.0,82.0,academic,1
melanoma,chemotherapy,II,283.0,59.0,academic,0
renal,targeted_therapy,II,541.0,58.0,industry,0
prostate,hormone_therapy,IV,982.0,54.0,government,1
pancreatic,chemotherapy,IV,1721.0,83.0,government,0
pancreatic,hormone_therapy,II,1584.0,83.0,industry,0
breast,radiation,II,802.0,85.0,industry,1
colorectal,immunotherapy,I,1130.0,54.0,industry,0
lung,immunotherapy,III,554.0,107.0,industry,1
ovarian,immunotherapy,II,229.0,65.0,industry,1
bladder,hormone_therapy,IV,65.0,108.0,academic,1
prostate,hormone_therapy,IV,1510.0,95.0,industry,1
melanoma,targeted_therapy,II,1583.0,95.0,industry,1
bladder,immunotherapy,II,45.0,70.0,industry,1
melanoma,targeted_therapy,III,1309.0,37.0,government,1
bladder,immunotherapy,III,194.0,84.0,industry,1
prostate,targeted_therapy,I,1559.0,26.0,academic,1
ovarian,targeted_therapy,II,1354.0,23.0,industry,1
bladder,radiation,II,341.0,99.0,industry,1
prostate,targeted_therapy,II,1622.0,65.0,academic,1
leukemia,hormone_therapy,II,1178.0,18.0,industry,1
ovarian,targeted_therapy,I,74.0,29.0,industry,1
renal,immunotherapy,III,1586.0,35.0,industry,1
melanoma,targeted_therapy,II,1629.0,7.0,academic,1
pancreatic,chemotherapy,I,1574.0,88.0,academic,0
colorectal,combination,II,1199.0,116.0,industry,1
pancreatic,immunotherapy,III,1892.0,113.0,academic,1
ovarian,chemotherapy,III,687.0,116.0,industry,1
renal,immunotherapy,II,166.0,30.0,academic,0
melanoma,hormone_therapy,II,1528.0,55.0,industry,1
renal,combination,IV,618.0,19.0,academic,1
bladder,combination,II,39.0,11.0,government,0
melanoma,hormone_therapy,II,1312.0,81.0,government,0
bladder,combination,II,352.0,89.0,industry,1
prostate,hormone_therapy,II,1598.0,92.0,government,1
ovarian,chemotherapy,II,926.0,35.0,industry,1
prostate,radiation,IV,963.0,35.0,government,1
breast,immunotherapy,III,930.0,43.0,industry,1
renal,hormone_therapy,II,420.0,63.0,industry,1
bladder,immunotherapy,IV,969.0,99.0,industry,1
leukemia,chemotherapy,I,1349.0,46.0,industry,0
prostate,radiation,II,47.0,99.0,academic,0
breast,chemotherapy,III,486.0,62.0,government,1
lung,combination,III,1303.0,41.0,academic,1
pancreatic,immunotherapy,I,1577.0,69.0,academic,0
melanoma,radiation,II,1001.0,118.0,academic,0
breast,combination,III,1930.0,103.0,industry,1
ovarian,radiation,III,120.0,21.0,industry,0
prostate,combination,III,570.0,93.0,industry,1
ovarian,chemotherapy,II,821.0,83.0,industry,1
pancreatic,hormone_therapy,I,372.0,95.0,industry,0
leukemia,immunotherapy,II,1343.0,77.0,industry,1
renal,targeted_therapy,I,1725.0,19.0,industry,1
renal,targeted_therapy,IV,315.0,36.0,industry,1
ovarian,chemotherapy,II,372.0,71.0,government,0
bladder,immunotherapy,II,927.0,117.0,industry,1
leukemia,immunotherapy,III,1173.0,73.0,industry,1
renal,chemotherapy,II,1038.0,70.0,academic,1
leukemia,immunotherapy,II,1199.0,60.0,industry,1
breast,hormone_therapy,III,1117.0,89.0,industry,1
leukemia,chemotherapy,III,1385.0,83.0,industry,1
colorectal,hormone_therapy,III,1508.0,45.0,industry,1
pancreatic,immunotherapy,I,1133.0,30.0,industry,0
renal,chemotherapy,III,1622.0,30.0,industry,1
leukemia,immunotherapy,III,474.0,8.0,academic,1
ovarian,chemotherapy,I,1791.0,74.0,academic,0
lung,immunotherapy,II,731.0,107.0,industry,0
colorectal,hormone_therapy,III,999.0,31.0,industry,1
colorectal,hormone_therapy,I,1375.0,45.0,industry,0
bladder,immunotherapy,III,758.0,43.0,academic,0
leukemia,chemotherapy,II,996.0,43.0,industry,1
bladder,targeted_therapy,II,1391.0,73.0,academic,0
bladder,hormone_therapy,I,252.0,12.0,academic,0
lung,hormone_therapy,III,1821.0,99.0,industry,1
breast,combination,II,1641.0,35.0,industry,1
leukemia,targeted_therapy,III,1043.0,24.0,industry,1
prostate,immunotherapy,III,121.0,108.0,industry,1
renal,chemotherapy,III,972.0,40.0,industry,1
bladder,combination,IV,500.0,109.0,industry,1
pancreatic,immunotherapy,III,1257.0,38.0,industry,1
melanoma,radiation,II,127.0,38.0,industry,0
pancreatic,hormone_therapy,IV,1208.0,83.0,academic,0
lung,radiation,III,992.0,43.0,industry,0
lung,hormone_therapy,II,1646.0,15.0,government,0
ovarian,hormone_therapy,I,723.0,62.0,government,1
breast,radiation,III,354.0,33.0,government,1
renal,radiation,II,105.0,83.0,academic,0
bladder,immunotherapy,III,753.0,105.0,industry,1
pancreatic,combination,II,894.0,43.0,industry,0
melanoma,combination,II,1467.0,21.0,academic,1
lung,radiation,III,1656.0,26.0,academic,0
lung,immunotherapy,I,1781.0,97.0,academic,0
breast,combination,II,383.0,102.0,government,1
melanoma,immunotherapy,III,79.0,11.0,industry,1
melanoma,immunotherapy,II,1525.0,46.0,industry,1
breast,hormone_therapy,III,1293.0,20.0,industry,1
lung,combination,III,579.0,113.0,industry,1
renal,combination,III,136.0,8.0,industry,1
leukemia,hormone_therapy,I,1782.0,48.0,academic,0
leukemia,radiation,II,893.0,52.0,academic,0
breast,hormone_therapy,III,934.0,104.0,industry,1
melanoma,combination,IV,987.0,19.0,government,0
bladder,combination,III,1018.0,71.0,academic,0
breast,radiation,III,1588.0,34.0,academic,1
renal,hormone_therapy,II,63.0,9.0,industry,0
breast,chemotherapy,II,528.0,31.0,government,0
colorectal,chemotherapy,II,1208.0,17.0,academic,0
pancreatic,radiation,II,1411.0,7.0,industry,0
melanoma,hormone_therapy,I,1900.0,22.0,industry,0
ovarian,hormone_therapy,IV,1335.0,40.0,government,0
ovarian,immunotherapy,II,868.0,15.0,industry,0
melanoma,combination,II,1899.0,117.0,industry,1
renal,targeted_therapy,I,936.0,91.0,industry,0
colorectal,radiation,IV,917.0,110.0,academic,1
colorectal,targeted_therapy,III,818.0,48.0,academic,1
lung,targeted_therapy,III,895.0,26.0,industry,1
pancreatic,radiation,IV,1780.0,20.0,industry,0
leukemia,hormone_therapy,II,305.0,40.0,government,0
prostate,radiation,III,1247.0,117.0,academic,1
renal,targeted_therapy,I,703.0,90.0,government,0
prostate,combination,II,1567.0,90.0,industry,1
prostate,combination,III,838.0,90.0,industry,1
melanoma,combination,III,140.0,65.0,industry,1
ovarian,hormone_therapy,II,964.0,49.0,academic,0
ovarian,chemotherapy,II,1799.0,101.0,industry,0
leukemia,radiation,III,1707.0,10.0,industry,0
melanoma,combination,I,1707.0,108.0,industry,0
prostate,radiation,II,1037.0,78.0,industry,1
bladder,combination,II,1231.0,23.0,academic,0
ovarian,hormone_therapy,II,926.0,26.0,industry,0
renal,chemotherapy,III,32.0,77.0,academic,0
renal,chemotherapy,II,622.0,113.0,government,0
lung,combination,II,219.0,103.0,industry,0
breast,hormone_therapy,III,605.0,79.0,academic,1
bladder,immunotherapy,III,1811.0,56.0,government,1
ovarian,radiation,II,1499.0,46.0,government,0
colorectal,radiation,I,467.0,29.0,industry,0
ovarian,targeted_therapy,II,1831.0,109.0,industry,1
lung,hormone_therapy,III,1883.0,29.0,industry,1
renal,targeted_therapy,III,860.0,101.0,academic,1
prostate,combination,III,1114.0,102.0,academic,1
colorectal,targeted_therapy,IV,609.0,43.0,academic,1
melanoma,chemotherapy,III,1839.0,49.0,industry,1
pancreatic,radiation,III,1173.0,62.0,industry,1
prostate,targeted_therapy,II,908.0,64.0,academic,1
pancreatic,chemotherapy,I,62.0,118.0,industry,0
bladder,hormone_therapy,IV,539.0,39.0,academic,0
breast,targeted_therapy,II,1056.0,80.0,industry,1
colorectal,combination,II,744.0,100.0,industry,1
leukemia,combination,III,642.0,87.0,industry,1
colorectal,combination,II,1007.0,28.0,industry,1
ovarian,radiation,III,822.0,91.0,industry,1
renal,targeted_therapy,III,554.0,48.0,industry,1
ovarian,hormone_therapy,II,321.0,87.0,industry,1
ovarian,targeted_therapy,III,1809.0,45.0,industry,1
bladder,radiation,II,546.0,52.0,industry,0
prostate,chemotherapy,II,1685.0,46.0,academic,1
leukemia,radiation,III,1616.0,52.0,industry,1
leukemia,combination,III,1158.0,108.0,academic,1
ovarian,chemotherapy,III,479.0,25.0,academic,0
pancreatic,combination,II,851.0,82.0,academic,0
bladder,immunotherapy,III,524.0,114.0,government,1
ovarian,radiation,II,1351.0,70.0,industry,0
breast,radiation,IV,951.0,73.0,academic,0
renal,hormone_therapy,II,344.0,29.0,government,0
prostate,targeted_therapy,III,598.0,105.0,government,1
melanoma,chemotherapy,I,780.0,41.0,industry,0
breast,chemotherapy,II,1218.0,50.0,industry,1
pancreatic,hormone_therapy,II,870.0,7.0,industry,0
colorectal,hormone_therapy,III,1557.0,33.0,academic,1
colorectal,targeted_therapy,III,1215.0,31.0,academic,1
breast,combination,IV,979.0,28.0,industry,1
ovarian,targeted_therapy,II,521.0,84.0,industry,1
melanoma,radiation,II,353.0,41.0,academic,0
lung,combination,I,303.0,96.0,industry,0
lung,immunotherapy,III,494.0,11.0,government,1
pancreatic,targeted_therapy,II,1097.0,40.0,academic,0
ovarian,hormone_therapy,III,1501.0,108.0,industry,1
leukemia,combination,IV,1622.0,43.0,academic,0
leukemia,targeted_therapy,IV,1463.0,40.0,industry,1
prostate,chemotherapy,III,1657.0,105.0,academic,1
melanoma,immunotherapy,III,651.0,79.0,government,1
melanoma,radiation,III,722.0,99.0,government,0
colorectal,chemotherapy,I,428.0,58.0,industry,0
bladder,chemotherapy,III,1001.0,110.0,industry,1
pancreatic,immunotherapy,I,1347.0,43.0,industry,0
lung,radiation,II,1978.0,98.0,industry,1
pancreatic,hormone_therapy,II,578.0,64.0,industry,1
leukemia,combination,II,241.0,48.0,industry,0
leukemia,radiation,II,1576.0,108.0,industry,0
breast,targeted_therapy,II,177.0,119.0,industry,1
prostate,chemotherapy,III,367.0,9.0,industry,1
melanoma,targeted_therapy,I,1202.0,10.0,government,0
renal,hormone_therapy,III,908.0,73.0,academic,1
pancreatic,targeted_therapy,II,1927.0,105.0,industry,1
leukemia,radiation,III,941.0,50.0,industry,1
bladder,targeted_therapy,III,1278.0,85.0,industry,1
colorectal,hormone_therapy,III,681.0,30.0,industry,1
lung,hormone_therapy,III,424.0,83.0,industry,0
prostate,hormone_therapy,II,1300.0,16.0,academic,1
bladder,radiation,III,696.0,34.0,academic,1
prostate,hormone_therapy,II,608.0,39.0,academic,1
breast,chemotherapy,II,1640.0,91.0,industry,1
renal,hormone_therapy,III,577.0,19.0,government,1
leukemia,targeted_therapy,I,924.0,29.0,government,1
colorectal,combination,III,1956.0,64.0,industry,1
bladder,targeted_therapy,III,1090.0,44.0,industry,1
prostate,combination,II,1256.0,31.0,industry,1
melanoma,targeted_therapy,I,498.0,48.0,industry,1
breast,radiation,I,506.0,41.0,academic,0
melanoma,targeted_therapy,IV,1614.0,44.0,industry,1
colorectal,radiation,III,585.0,66.0,industry,0
bladder,radiation,I,1385.0,21.0,industry,0
breast,hormone_therapy,II,543.0,107.0,industry,1
bladder,chemotherapy,III,723.0,64.0,government,0
leukemia,combination,III,1546.0,101.0,academic,1
ovarian,hormone_therapy,I,1049.0,11.0,academic,0
breast,hormone_therapy,II,840.0,103.0,industry,1
melanoma,radiation,III,1187.0,61.0,academic,0
colorectal,radiation,I,877.0,13.0,industry,0
renal,combination,II,1304.0,99.0,academic,1
leukemia,targeted_therapy,IV,604.0,32.0,industry,1
ovarian,targeted_therapy,III,705.0,76.0,industry,1
renal,hormone_therapy,II,251.0,32.0,industry,1
lung,immunotherapy,I,289.0,94.0,industry,0
leukemia,immunotherapy,I,959.0,51.0,government,0
colorectal,targeted_therapy,II,1490.0,46.0,industry,1
prostate,immunotherapy,III,893.0,84.0,industry,1
breast,targeted_therapy,II,1265.0,30.0,industry,1
bladder,radiation,III,71.0,91.0,government,0
colorectal,hormone_therapy,IV,135.0,23.0,industry,1
breast,chemotherapy,II,557.0,17.0,academic,1
renal,hormone_therapy,II,1608.0,92.0,government,1
bladder,targeted_therapy,III,1920.0,56.0,industry,1
pancreatic,targeted_therapy,IV,560.0,114.0,industry,0
melanoma,hormone_therapy,III,1062.0,44.0,industry,1
lung,combination,I,834.0,94.0,academic,0
leukemia,targeted_therapy,III,1435.0,15.0,industry,1
colorectal,immunotherapy,III,810.0,99.0,industry,1
lung,immunotherapy,IV,1672.0,79.0,academic,0
prostate,targeted_therapy,I,637.0,103.0,academic,1
breast,targeted_therapy,III,438.0,115.0,industry,1
breast,combination,III,328.0,82.0,industry,1
colorectal,immunotherapy,II,1782.0,59.0,industry,1
ovarian,targeted_therapy,II,883.0,34.0,industry,1
ovarian,targeted_therapy,I,205.0,107.0,industry,1
pancreatic,combination,II,280.0,46.0,government,0
melanoma,combination,II,1571.0,114.0,industry,1
bladder,hormone_therapy,IV,1316.0,14.0,government,1
prostate,combination,II,179.0,68.0,academic,1
lung,chemotherapy,II,889.0,82.0,industry,0
ovarian,immunotherapy,III,781.0,42.0,academic,1
pancreatic,hormone_therapy,II,243.0,19.0,industry,0
pancreatic,chemotherapy,II,1299.0,106.0,government,0
colorectal,targeted_therapy,III,199.0,78.0,government,1
prostate,targeted_therapy,III,39.0,77.0,industry,1
renal,hormone_therapy,III,1667.0,44.0,industry,1
bladder,combination,III,651.0,45.0,industry,1
melanoma,targeted_therapy,I,1749.0,59.0,industry,0
leukemia,radiation,IV,1511.0,8.0,industry,1
colorectal,hormone_therapy,I,1666.0,60.0,industry,0
bladder,chemotherapy,III,1253.0,116.0,academic,1
leukemia,hormone_therapy,II,1556.0,109.0,industry,1
leukemia,immunotherapy,IV,77.0,38.0,academic,1
prostate,combination,III,1136.0,101.0,academic,1
prostate,combination,III,1264.0,76.0,industry,1
lung,hormone_therapy,II,742.0,24.0,government,0
pancreatic,targeted_therapy,II,1983.0,39.0,industry,1
bladder,targeted_therapy,III,1275.0,83.0,industry,1
colorectal,radiation,III,1817.0,55.0,academic,1
breast,radiation,I,1407.0,52.0,industry,0
colorectal,combination,IV,634.0,51.0,academic,1
lung,radiation,III,581.0,61.0,government,0
melanoma,chemotherapy,II,393.0,62.0,government,0
pancreatic,radiation,III,641.0,88.0,academic,0
breast,chemotherapy,III,1499.0,56.0,academic,1
ovarian,radiation,II,107.0,59.0,industry,0
melanoma,combination,II,1063.0,95.0,industry,0
prostate,combination,III,1033.0,86.0,academic,1
leukemia,chemotherapy,III,33.0,33.0,industry,1
ovarian,hormone_therapy,II,152.0,24.0,industry,1
colorectal,combination,III,1980.0,32.0,industry,1
colorectal,hormone_therapy,III,1851.0,53.0,academic,1
prostate,targeted_therapy,III,1077.0,24.0,industry,1
lung,chemotherapy,I,911.0,102.0,academic,0
bladder,combination,III,1251.0,56.0,industry,1
ovarian,immunotherapy,II,1856.0,12.0,industry,0
ovarian,targeted_therapy,II,1242.0,34.0,industry,1
renal,hormone_therapy,II,611.0,48.0,industry,0
melanoma,combination,II,602.0,74.0,government,1
pancreatic,chemotherapy,III,1198.0,99.0,industry,1
melanoma,radiation,II,1633.0,118.0,industry,1
bladder,immunotherapy,III,1121.0,112.0,industry,1
colorectal,hormone_therapy,I,1215.0,63.0,industry,1
colorectal,targeted_therapy,II,308.0,13.0,industry,1
colorectal,chemotherapy,IV,1588.0,47.0,industry,1
renal,immunotherapy,III,1855.0,81.0,government,1
colorectal,chemotherapy,II,1831.0,47.0,academic,1
bladder,combination,III,1032.0,18.0,industry,1
prostate,radiation,II,898.0,31.0,industry,1
pancreatic,targeted_therapy,II,1463.0,23.0,industry,0
bladder,chemotherapy,III,26.0,47.0,industry,0
pancreatic,hormone_therapy,III,1203.0,56.0,academic,0
bladder,combination,II,259.0,118.0,government,1
colorectal,combination,IV,1466.0,89.0,industry,1
prostate,targeted_therapy,III,555.0,21.0,academic,1
ovarian,combination,II,1769.0,106.0,industry,1
melanoma,hormone_therapy,III,89.0,8.0,industry,1
leukemia,chemotherapy,III,1923.0,96.0,industry,1
prostate,targeted_therapy,III,235.0,84.0,industry,1
ovarian,combination,II,1147.0,103.0,government,1
lung,combination,III,1770.0,50.0,industry,1
bladder,hormone_therapy,II,1097.0,27.0,industry,1
lung,radiation,III,825.0,109.0,government,0
ovarian,radiation,III,349.0,28.0,government,0
prostate,combination,I,867.0,64.0,academic,1
bladder,chemotherapy,III,1246.0,67.0,government,0
leukemia,targeted_therapy,IV,1331.0,118.0,industry,1
colorectal,combination,IV,64.0,73.0,academic,0
bladder,immunotherapy,II,848.0,59.0,academic,0
bladder,targeted_therapy,I,217.0,62.0,government,0
prostate,radiation,III,1259.0,110.0,academic,1
prostate,combination,I,1524.0,28.0,industry,1
ovarian,hormone_therapy,IV,1352.0,116.0,academic,1
breast,immunotherapy,II,915.0,65.0,industry,1
bladder,combination,II,1478.0,78.0,industry,1
melanoma,chemotherapy,II,351.0,93.0,industry,0
bladder,immunotherapy,II,715.0,90.0,government,0
ovarian,combination,III,46.0,110.0,industry,1
pancreatic,chemotherapy,II,1209.0,115.0,industry,0
lung,immunotherapy,II,337.0,60.0,industry,0
colorectal,chemotherapy,II,1317.0,85.0,government,0
breast,chemotherapy,III,1426.0,68.0,industry,1
leukemia,immunotherapy,I,384.0,61.0,academic,0
leukemia,immunotherapy,III,1146.0,60.0,government,1
leukemia,chemotherapy,III,979.0,30.0,industry,1
prostate,radiation,III,1546.0,31.0,industry,1
leukemia,immunotherapy,IV,1888.0,54.0,academic,1
colorectal,combination,IV,392.0,68.0,government,1
lung,targeted_therapy,IV,1659.0,50.0,academic,1
leukemia,hormone_therapy,II,1969.0,78.0,industry,0
bladder,chemotherapy,I,264.0,84.0,government,0
bladder,chemotherapy,II,1860.0,44.0,industry,1
prostate,hormone_therapy,III,1212.0,102.0,academic,1
colorectal,radiation,IV,1671.0,70.0,academic,0
lung,hormone_therapy,III,1696.0,74.0,industry,1
breast,immunotherapy,I,1461.0,61.0,academic,1
ovarian,hormone_therapy,IV,1399.0,14.0,academic,1
lung,chemotherapy,II,497.0,113.0,government,0
ovarian,hormone_therapy,I,144.0,75.0,industry,0
pancreatic,targeted_therapy,II,556.0,33.0,industry,0
ovarian,combination,I,725.0,50.0,academic,0
melanoma,immunotherapy,III,1939.0,31.0,industry,1
bladder,hormone_therapy,II,1655.0,33.0,industry,1
colorectal,chemotherapy,II,1445.0,45.0,government,0
renal,combination,III,1560.0,20.0,industry,1
prostate,immunotherapy,III,550.0,11.0,government,1
melanoma,chemotherapy,III,1725.0,32.0,industry,1
ovarian,radiation,II,805.0,43.0,industry,0
leukemia,targeted_therapy,III,273.0,73.0,academic,1
colorectal,radiation,IV,140.0,80.0,academic,1
melanoma,targeted_therapy,I,1075.0,90.0,academic,1
prostate,hormone_therapy,III,680.0,69.0,industry,1
bladder,immunotherapy,II,1821.0,35.0,academic,1
colorectal,hormone_therapy,I,1080.0,87.0,industry,1
prostate,targeted_therapy,III,1732.0,104.0,industry,1
pancreatic,targeted_therapy,III,1385.0,8.0,industry,1
pancreatic,targeted_therapy,II,1056.0,67.0,academic,1
prostate,combination,III,1226.0,17.0,industry,1
melanoma,chemotherapy,III,1700.0,96.0,industry,1
colorectal,immunotherapy,IV,1308.0,35.0,industry,1
melanoma,hormone_therapy,II,107.0,90.0,industry,0
breast,hormone_therapy,IV,1983.0,43.0,industry,1
ovarian,radiation,II,1505.0,90.0,academic,0
breast,targeted_therapy,III,65.0,65.0,industry,1
pancreatic,targeted_therapy,I,1435.0,43.0,government,0
bladder,targeted_therapy,I,1162.0,109.0,academic,1
lung,hormone_therapy,III,952.0,20.0,industry,1
ovarian,radiation,II,1574.0,23.0,academic,0
pancreatic,chemotherapy,II,1490.0,57.0,industry,0
melanoma,combination,II,1775.0,34.0,academic,0
melanoma,immunotherapy,III,1985.0,117.0,government,1
melanoma,chemotherapy,I,764.0,107.0,industry,1
bladder,hormone_therapy,III,1649.0,65.0,academic,1
breast,combination,I,986.0,26.0,industry,1
lung,combination,II,782.0,22.0,industry,1
melanoma,combination,II,781.0,110.0,government,0
renal,targeted_therapy,II,813.0,23.0,industry,1
ovarian,immunotherapy,II,763.0,62.0,industry,1
colorectal,hormone_therapy,II,1089.0,42.0,industry,1
renal,hormone_therapy,IV,1929.0,65.0,academic,1
lung,combination,III,1551.0,43.0,industry,0
bladder,hormone_therapy,I,577.0,17.0,government,0
lung,immunotherapy,II,545.0,80.0,industry,0
colorectal,immunotherapy,III,616.0,117.0,industry,1
ovarian,radiation,II,1874.0,118.0,academic,0
colorectal,radiation,I,859.0,89.0,industry,0
prostate,chemotherapy,III,22.0,78.0,academic,1
ovarian,immunotherapy,III,1071.0,6.0,industry,1
lung,immunotherapy,III,1424.0,63.0,industry,1
melanoma,immunotherapy,I,176.0,8.0,industry,1
lung,radiation,I,874.0,68.0,government,0
lung,combination,III,1957.0,26.0,academic,1
ovarian,combination,II,1974.0,28.0,academic,0
prostate,hormone_therapy,III,530.0,14.0,industry,1
lung,combination,III,1376.0,88.0,academic,0
renal,targeted_therapy,II,1887.0,114.0,industry,1
pancreatic,radiation,IV,706.0,60.0,government,0
leukemia,immunotherapy,III,1157.0,115.0,academic,1
leukemia,combination,III,1432.0,24.0,academic,0
lung,radiation,I,1530.0,67.0,industry,0
renal,combination,I,1886.0,92.0,industry,1
melanoma,chemotherapy,II,1293.0,96.0,industry,1
bladder,immunotherapy,II,590.0,96.0,government,1
bladder,chemotherapy,IV,734.0,44.0,industry,1
ovarian,immunotherapy,II,1358.0,105.0,industry,1
leukemia,radiation,II,258.0,81.0,industry,1
lung,hormone_therapy,II,1277.0,32.0,industry,0
bladder,combination,III,322.0,51.0,industry,1
lung,combination,I,626.0,39.0,government,0
ovarian,targeted_therapy,II,1010.0,38.0,academic,1
leukemia,chemotherapy,II,1696.0,97.0,government,1
colorectal,combination,III,353.0,100.0,academic,1
pancreatic,radiation,I,132.0,101.0,industry,0
pancreatic,hormone_therapy,IV,1664.0,55.0,industry,1
bladder,radiation,III,381.0,25.0,industry,0
pancreatic,chemotherapy,II,1900.0,45.0,government,0
colorectal,targeted_therapy,III,820.0,104.0,industry,1
lung,combination,I,116.0,100.0,industry,1
ovarian,radiation,IV,1890.0,63.0,industry,1
colorectal,immunotherapy,III,35.0,36.0,industry,1
ovarian,hormone_therapy,II,575.0,43.0,industry,1
ovarian,radiation,II,1997.0,91.0,industry,1
leukemia,hormone_therapy,I,395.0,50.0,academic,0
lung,combination,IV,761.0,46.0,academic,1
renal,immunotherapy,I,409.0,14.0,industry,0
pancreatic,targeted_therapy,III,639.0,14.0,industry,1
renal,targeted_therapy,II,1260.0,68.0,government,1
leukemia,immunotherapy,IV,1442.0,84.0,industry,1
ovarian,hormone_therapy,II,1303.0,82.0,government,0
bladder,combination,III,843.0,27.0,industry,1
pancreatic,radiation,II,339.0,21.0,academic,0
pancreatic,immunotherapy,III,215.0,37.0,academic,0
lung,chemotherapy,I,1521.0,71.0,academic,0
prostate,hormone_therapy,II,437.0,95.0,government,0
breast,targeted_therapy,II,1518.0,19.0,industry,1
breast,immunotherapy,III,626.0,43.0,industry,1
breast,targeted_therapy,II,587.0,103.0,industry,1
prostate,hormone_therapy,III,563.0,13.0,academic,1
lung,targeted_therapy,II,250.0,105.0,industry,1
prostate,immunotherapy,III,903.0,26.0,academic,1
breast,hormone_therapy,IV,540.0,61.0,industry,1
leukemia,chemotherapy,III,722.0,51.0,industry,1
colorectal,immunotherapy,II,1916.0,48.0,academic,0
ovarian,radiation,II,1243.0,97.0,industry,1
prostate,combination,I,865.0,51.0,industry,1
lung,immunotherapy,II,692.0,113.0,industry,0
lung,hormone_therapy,III,1642.0,53.0,industry,1
renal,combination,III,40.0,75.0,academic,1
colorectal,immunotherapy,IV,1354.0,89.0,academic,1
bladder,chemotherapy,II,607.0,36.0,industry,0
pancreatic,chemotherapy,III,1996.0,38.0,industry,1
breast,radiation,II,917.0,49.0,industry,1
bladder,targeted_therapy,III,1696.0,76.0,industry,1
renal,combination,II,1681.0,13.0,government,0
breast,hormone_therapy,II,1806.0,78.0,government,1
colorectal,hormone_therapy,II,1943.0,7.0,industry,1
renal,targeted_therapy,III,1639.0,22.0,industry,1
breast,chemotherapy,IV,1477.0,57.0,government,0
colorectal,chemotherapy,II,390.0,50.0,industry,1
melanoma,immunotherapy,I,1603.0,42.0,industry,0
bladder,radiation,II,1934.0,47.0,academic,0
bladder,combination,III,97.0,49.0,industry,1
pancreatic,radiation,II,1585.0,86.0,industry,0
colorectal,radiation,III,1328.0,43.0,government,1
prostate,immunotherapy,IV,667.0,104.0,academic,1
melanoma,radiation,IV,159.0,116.0,industry,0
leukemia,targeted_therapy,II,572.0,108.0,industry,0
breast,immunotherapy,III,1017.0,99.0,industry,1
melanoma,targeted_therapy,III,301.0,11.0,academic,1
colorectal,immunotherapy,II,1605.0,73.0,industry,1
ovarian,radiation,III,1301.0,56.0,industry,0
breast,targeted_therapy,III,1866.0,106.0,government,1
lung,targeted_therapy,II,1403.0,40.0,industry,1
bladder,targeted_therapy,II,459.0,63.0,industry,1
colorectal,immunotherapy,II,289.0,62.0,industry,1
lung,hormone_therapy,III,1177.0,78.0,industry,1
pancreatic,radiation,II,765.0,11.0,industry,0
renal,targeted_therapy,IV,1683.0,18.0,government,1
leukemia,combination,III,123.0,64.0,government,1
leukemia,hormone_therapy,III,785.0,91.0,industry,1
lung,combination,I,114.0,97.0,industry,0
bladder,radiation,III,1892.0,35.0,academic,1
pancreatic,radiation,I,748.0,105.0,industry,0
